This is pdfTeX, Version 3.141592653-2.6-1.40.28 (MiKTeX 25.12) (preloaded format=pdflatex 2026.5.14)  14 MAY 2026 22:50
entering extended mode
 restricted \write18 enabled.
 %&-line parsing enabled.
**./refman.tex
(refman.tex
LaTeX2e <2025-11-01>
L3 programming layer <2025-12-24>
(C:\Users\Jakub\AppData\Local\Programs\MiKTeX\tex/generic/iftex\iftex.sty
Package: iftex 2024/12/12 v1.0g TeX engine tests
)
(C:\Users\Jakub\AppData\Local\Programs\MiKTeX\tex/latex/base\book.cls
Document Class: book 2025/01/22 v1.4n Standard LaTeX document class
(C:\Users\Jakub\AppData\Local\Programs\MiKTeX\tex/latex/base\bk10.clo
File: bk10.clo 2025/01/22 v1.4n Standard LaTeX file (size option)
)
\c@part=\count275
\c@chapter=\count276
\c@section=\count277
\c@subsection=\count278
\c@subsubsection=\count279
\c@paragraph=\count280
\c@subparagraph=\count281
\c@figure=\count282
\c@table=\count283
\abovecaptionskip=\skip49
\belowcaptionskip=\skip50
\bibindent=\dimen148
)
(C:\Users\Jakub\AppData\Local\Programs\MiKTeX\tex/generic/infwarerr\infwarerr.s
ty
package info suppressed
) (doxygen.sty
Package: doxygen 

(C:\Users\Jakub\AppData\Local\Programs\MiKTeX\tex/latex/base\alltt.sty
Package: alltt 2024/07/07 v2.0g defines alltt environment
)
(C:\Users\Jakub\AppData\Local\Programs\MiKTeX\tex/latex/tools\array.sty
Package: array 2025/09/25 v2.6n Tabular extension package (FMi)
\col@sep=\dimen149
\ar@mcellbox=\box53
\extrarowheight=\dimen150
\NC@list=\toks17
\extratabsurround=\skip51
\backup@length=\skip52
\ar@cellbox=\box54
)
(C:\Users\Jakub\AppData\Local\Programs\MiKTeX\tex/latex/tools\calc.sty
Package: calc 2025/03/01 v4.3b Infix arithmetic (KKT,FJ)
\calc@Acount=\count284
\calc@Bcount=\count285
\calc@Adimen=\dimen151
\calc@Bdimen=\dimen152
\calc@Askip=\skip53
\calc@Bskip=\skip54
LaTeX Info: Redefining \setlength on input line 86.
LaTeX Info: Redefining \addtolength on input line 87.
\calc@Ccount=\count286
\calc@Cskip=\skip55
)
(C:\Users\Jakub\AppData\Local\Programs\MiKTeX\tex/latex/float\float.sty
Package: float 2001/11/08 v1.3d Float enhancements (AL)
\c@float@type=\count287
\float@exts=\toks18
\float@box=\box55
\@float@everytoks=\toks19
\@floatcapt=\box56
)
(C:\Users\Jakub\AppData\Local\Programs\MiKTeX\tex/latex/base\ifthen.sty
Package: ifthen 2024/03/16 v1.1e Standard LaTeX ifthen package (DPC)
)
(C:\Users\Jakub\AppData\Local\Programs\MiKTeX\tex/latex/tools\verbatim.sty
Package: verbatim 2024-01-22 v1.5x LaTeX2e package for verbatim enhancements
\every@verbatim=\toks20
\verbatim@line=\toks21
\verbatim@in@stream=\read2
)
(C:\Users\Jakub\AppData\Local\Programs\MiKTeX\tex/latex/varwidth\varwidth.sty
Package: varwidth 2009/03/30 ver 0.92;  Variable-width minipages
\@vwid@box=\box57
\sift@deathcycles=\count288
\@vwid@loff=\dimen153
\@vwid@roff=\dimen154
)
==> First Aid for varwidth.sty applied!
(C:\Users\Jakub\AppData\Local\Programs\MiKTeX\tex/latex/xcolor\xcolor.sty
Package: xcolor 2024/09/29 v3.02 LaTeX color extensions (UK)

(C:\Users\Jakub\AppData\Local\Programs\MiKTeX\tex/latex/graphics-cfg\color.cfg
File: color.cfg 2016/01/02 v1.6 sample color configuration
)
Package xcolor Info: Driver file: pdftex.def on input line 274.

(C:\Users\Jakub\AppData\Local\Programs\MiKTeX\tex/latex/graphics-def\pdftex.def
File: pdftex.def 2025/09/29 v1.2d Graphics/color driver for pdftex
)
(C:\Users\Jakub\AppData\Local\Programs\MiKTeX\tex/latex/graphics\mathcolor.ltx)
Package xcolor Info: Model `cmy' substituted by `cmy0' on input line 1349.
Package xcolor Info: Model `hsb' substituted by `rgb' on input line 1353.
Package xcolor Info: Model `RGB' extended on input line 1365.
Package xcolor Info: Model `HTML' substituted by `rgb' on input line 1367.
Package xcolor Info: Model `Hsb' substituted by `hsb' on input line 1368.
Package xcolor Info: Model `tHsb' substituted by `hsb' on input line 1369.
Package xcolor Info: Model `HSB' substituted by `hsb' on input line 1370.
Package xcolor Info: Model `Gray' substituted by `gray' on input line 1371.
Package xcolor Info: Model `wave' substituted by `hsb' on input line 1372.
) (C:\Users\Jakub\AppData\Local\Programs\MiKTeX\tex/latex/colortbl\colortbl.sty
Package: colortbl 2024/10/29 v1.0k Color table columns (DPC)
\everycr=\toks22
\minrowclearance=\skip56
\rownum=\count289
) (C:\Users\Jakub\AppData\Local\Programs\MiKTeX\tex/latex/tools\longtable.sty
Package: longtable 2025-10-13 v4.24 Multi-page Table package (DPC)
\LTleft=\skip57
\LTright=\skip58
\LTpre=\skip59
\LTpost=\skip60
\LTchunksize=\count290
\LTcapwidth=\dimen155
\LT@head=\box58
\LT@firsthead=\box59
\LT@foot=\box60
\LT@lastfoot=\box61
\LT@gbox=\box62
\LT@cols=\count291
\LT@rows=\count292
\c@LT@tables=\count293
\c@LT@chunks=\count294
\LT@p@ftn=\toks23
)
(C:\Users\Jakub\AppData\Local\Programs\MiKTeX\tex/latex/xltabular\xltabular.sty
Package: xltabular 2025/02/28 v0.2i `xltabular' package (hv,RN)
(C:\Users\Jakub\AppData\Local\Programs\MiKTeX\tex/latex/tools\tabularx.sty
Package: tabularx 2023/12/11 v2.12a `tabularx' package (DPC)
\TX@col@width=\dimen156
\TX@old@table=\dimen157
\TX@old@col=\dimen158
\TX@target=\dimen159
\TX@delta=\dimen160
\TX@cols=\count295
\TX@ftn=\toks24
)
(C:\Users\Jakub\AppData\Local\Programs\MiKTeX\tex/latex/etoolbox\etoolbox.sty
Package: etoolbox 2025/10/02 v2.5m e-TeX tools for LaTeX (JAW)
\etb@tempcnta=\count296
)
(C:\Users\Jakub\AppData\Local\Programs\MiKTeX\tex/latex/ltablex\ltablex.sty
Package: ltablex 2014/08/13 v1.1 Modified tabularx
))
(C:\Users\Jakub\AppData\Local\Programs\MiKTeX\tex/latex/tabularray\tabularray.s
ty
Package: tabularray 2025-11-27 v2025C Typeset tabulars and arrays with LaTeX3

(C:\Users\Jakub\AppData\Local\Programs\MiKTeX\tex/latex/ninecolors\ninecolors.s
ty
Package: ninecolors 2022-02-13 v2022D Select colors with proper color contrast

(C:\Users\Jakub\AppData\Local\Programs\MiKTeX\tex/latex/l3packages/xparse\xpars
e.sty
(C:\Users\Jakub\AppData\Local\Programs\MiKTeX\tex/latex/l3kernel\expl3.sty
Package: expl3 2025-12-24 L3 programming layer (loader) 

(C:\Users\Jakub\AppData\Local\Programs\MiKTeX\tex/latex/l3backend\l3backend-pdf
tex.def
File: l3backend-pdftex.def 2025-10-09 L3 backend support: PDF output (pdfTeX)
\l__color_backend_stack_int=\count297
))
Package: xparse 2025-10-09 L3 Experimental document command parser
))
\g__tblr_nohyper_int=\count298
\l__tblr_a_int=\count299
\l__tblr_c_int=\count300
\l__tblr_r_int=\count301
\l__tblr_d_dim=\dimen161
\l__tblr_h_dim=\dimen162
\l__tblr_o_dim=\dimen163
\l__tblr_p_dim=\dimen164
\l__tblr_q_dim=\dimen165
\l__tblr_r_dim=\dimen166
\l__tblr_s_dim=\dimen167
\l__tblr_t_dim=\dimen168
\l__tblr_v_dim=\dimen169
\l__tblr_w_dim=\dimen170
\l__tblr_a_box=\box63
\l__tblr_b_box=\box64
\l__tblr_c_box=\box65
\l__tblr_d_box=\box66
\c@tblrcount=\count302
\c@colnum=\count303
\c@rowcount=\count304
\c@colcount=\count305
\abovesep=\dimen171
\belowsep=\dimen172
\leftsep=\dimen173
\rightsep=\dimen174
\gTblrLevelInt=\count306
\g__tblr_data_row_key_count_int=\count307
\g__tblr_data_column_key_count_int=\count308
\g__tblr_data_cell_key_count_int=\count309
\g__tblr_array_int=\count310
\l__tblr_key_count_int=\count311
\l__tblr_key_quotient_int=\count312
\l__tblr_key_quotient_two_int=\count313
\l__tblr_key_remainder_int=\count314
\g__tblr_data_str_value_count_int=\count315
\lTblrChildTotalInt=\count316
\lTblrChildHtotalInt=\count317
\lTblrChildVtotalInt=\count318
\l__child_diff_h_int=\count319
\l__child_diff_v_int=\count320
\l__child_sign_h_int=\count321
\l__child_sign_v_int=\count322
\l__child_step_int=\count323
\lTblrDefaultHruleWidthDim=\dimen175
\lTblrDefaultVruleWidthDim=\dimen176
\l__tblr_split_balance_int=\count324
\l__tblr_strut_dp_dim=\dimen177
\l__tblr_strut_ht_dim=\dimen178
\g__tblr_cell_wd_dim=\dimen179
\g__tblr_cell_ht_dim=\dimen180
\g__tblr_cell_head_dim=\dimen181
\g__tblr_cell_foot_dim=\dimen182
\l__tblr_measured_cell_box=\box67
\g__tblr_last_box=\box68
\l__tblr_temp_box=\box69
\l__tblr_column_target_dim=\dimen183
\l__tblr_hfuzz_dim=\dimen184
\l__tblr_caption_box=\box70
\l__tblr_caption_left_box=\box71
\lTblrRowHeadInt=\count325
\lTblrRowFootInt=\count326
\l__tblr_row_head_box=\box72
\l__tblr_row_foot_box=\box73
\l__tblr_row_head_foot_dim=\dimen185
\lTblrTableWidthDim=\dimen186
\l__tblr_table_firsthead_box=\box74
\l__tblr_table_middlehead_box=\box75
\l__tblr_table_lasthead_box=\box76
\l__tblr_table_firstfoot_box=\box77
\l__tblr_table_middlefoot_box=\box78
\l__tblr_table_lastfoot_box=\box79
\l__tblr_remain_height_dim=\dimen187
\l__tblr_next_rows_dim=\dimen188
\l__tblr_page_overfill_dim=\dimen189
\l__tblr_long_from_int=\count327
\l__tblr_long_to_int=\count328
\l__tblr_curr_i_int=\count329
\l__tblr_prev_i_int=\count330
\lTblrTablePageInt=\count331
\l__tblr_table_head_box=\box80
\l__tblr_table_foot_box=\box81
\l__tblr_table_head_foot_dim=\dimen190
\l__tblr_table_head_body_foot_dim=\dimen191
\l__tblr_table_box=\box82
\lTblrRowFirstInt=\count332
\lTblrRowLastInt=\count333
\l__tblr_cover_box_a_dim=\dimen192
\l__tblr_cover_box_b_dim=\dimen193
\l__tblr_table_hlines_box=\box83
\l__tblr_hline_box=\box84
\l__tblr_row_box=\box85
\l__tblr_col_o_wd_dim=\dimen194
\l__tblr_col_b_wd_dim=\dimen195
\l__tblr_hline_leftskip_dim=\dimen196
\l__tblr_hline_rightskip_dim=\dimen197
\l__tblr_row_ht_dim=\dimen198
\l__tblr_row_dp_dim=\dimen199
\l__tblr_row_abovesep_dim=\dimen256
\l__tblr_row_belowsep_dim=\dimen257
\l__tblr_row_vlines_box=\box86
\l__tblr_vline_box=\box87
\l__tblr_cell_box=\box88
\l__tblr_row_upper_dim=\dimen258
\l__tblr_row_lower_dim=\dimen259
\l__tblr_row_vpace_dim=\dimen260
\l__tblr_vline_aboveskip_dim=\dimen261
\l__tblr_vline_belowskip_dim=\dimen262
\lTblrCellRowSpanInt=\count334
\lTblrCellColSpanInt=\count335
\l__tblr_cell_wd_dim=\dimen263
\l__tblr_cell_ht_dim=\dimen264
\lTblrCellAboveBorderWidthDim=\dimen265
\lTblrCellBelowBorderWidthDim=\dimen266
\lTblrCellLeftBorderWidthDim=\dimen267
\lTblrCellRightBorderWidthDim=\dimen268
\l__tblr_diag_box=\box89
\l__tblr_cell_inner_wd_dim=\dimen269
\l__tblr_cell_inner_dp_dim=\dimen270
\l__tblr_cell_hanchor_dim=\dimen271
\l__tblr_last_cell_table_ht_dim=\dimen272
\l__tblr_last_cell_table_dp_dim=\dimen273
\l__tblr_last_vline_wd_dim=\dimen274
\l__tblr_tikz_node_box=\box90
)
\g__doxy_nohyper_int=\count336
\doxytablewidth=\dimen275

(C:\Users\Jakub\AppData\Local\Programs\MiKTeX\tex/latex/fancyvrb\fancyvrb.sty
Package: fancyvrb 2026/04/16 4.6a verbatim text (tvz,hv)

(C:\Users\Jakub\AppData\Local\Programs\MiKTeX\tex/latex/graphics\keyval.sty
Package: keyval 2022/05/29 v1.15 key=value parser (DPC)
\KV@toks@=\toks25
)
\FV@CodeLineNo=\count337
\FV@InFile=\read3
\FV@TabBox=\box91
\c@FancyVerbLine=\count338
\FV@StepNumber=\count339
\FV@OutFile=\write3
)
(C:\Users\Jakub\AppData\Local\Programs\MiKTeX\tex/latex/tools\multicol.sty
Package: multicol 2025/10/21 v2.0b multicolumn formatting (FMi)
\c@tracingmulticols=\count340
\mult@box=\box92
\multicol@leftmargin=\dimen276
\c@unbalance=\count341
\c@collectmore=\count342
\doublecol@number=\count343
\multicoltolerance=\count344
\multicolpretolerance=\count345
\full@width=\dimen277
\page@free=\dimen278
\premulticols=\dimen279
\postmulticols=\dimen280
\multicolsep=\skip61
\multicolbaselineskip=\skip62
\partial@page=\box93
\last@line=\box94
\mc@boxedresult=\box95
\maxbalancingoverflow=\dimen281
\mult@rightbox=\box96
\mult@grightbox=\box97
\mult@firstbox=\box98
\mult@gfirstbox=\box99
\@tempa=\box100
\@tempa=\box101
\@tempa=\box102
\@tempa=\box103
\@tempa=\box104
\@tempa=\box105
\@tempa=\box106
\@tempa=\box107
\@tempa=\box108
\@tempa=\box109
\@tempa=\box110
\@tempa=\box111
\@tempa=\box112
\@tempa=\box113
\@tempa=\box114
\@tempa=\box115
\@tempa=\box116
\@tempa=\box117
\@tempa=\box118
\@tempa=\box119
\@tempa=\box120
\@tempa=\box121
\@tempa=\box122
\@tempa=\box123
\@tempa=\box124
\@tempa=\box125
\@tempa=\box126
\@tempa=\box127
\@tempa=\box128
\@tempa=\box129
\@tempa=\box130
\@tempa=\box131
\@tempa=\box132
\@tempa=\box133
\@tempa=\box134
\@tempa=\box135
\c@minrows=\count346
\c@columnbadness=\count347
\c@finalcolumnbadness=\count348
\last@try=\dimen282
\multicolovershoot=\dimen283
\multicolundershoot=\dimen284
\mult@nat@firstbox=\box136
\colbreak@box=\box137
\mc@col@check@num=\count349
\g__mc_curr_col_int=\count350
)
(C:\Users\Jakub\AppData\Local\Programs\MiKTeX\tex/latex/multirow\multirow.sty
Package: multirow 2024/11/12 v2.9 Span multiple rows of a table
\multirow@colwidth=\skip63
\multirow@cntb=\count351
\multirow@dima=\skip64
\bigstrutjot=\dimen285
)
(C:\Users\Jakub\AppData\Local\Programs\MiKTeX\tex/latex/hanging\hanging.sty
Package: hanging 2009/09/02 v1.2b hanging paragraphs and punctuation
\h@ngcommawd=\skip65
\h@ngfstopwd=\skip66
\h@ngquotewd=\skip67
\h@ngdquotewd=\skip68
\h@ngquerywd=\skip69
\h@ngexclwd=\skip70
\h@ngcolonwd=\skip71
\h@ngscolonwd=\skip72
)
(C:\Users\Jakub\AppData\Local\Programs\MiKTeX\tex/generic/iftex\ifpdf.sty
Package: ifpdf 2019/10/25 v3.4 ifpdf legacy package. Use iftex instead.
)
(C:\Users\Jakub\AppData\Local\Programs\MiKTeX\tex/latex/adjustbox\adjustbox.sty
Package: adjustbox 2025/02/26 v1.3c Adjusting TeX boxes (trim, clip, ...)
(C:\Users\Jakub\AppData\Local\Programs\MiKTeX\tex/latex/xkeyval\xkeyval.sty
Package: xkeyval 2022/06/16 v2.9 package option processing (HA)

(C:\Users\Jakub\AppData\Local\Programs\MiKTeX\tex/generic/xkeyval\xkeyval.tex
(C:\Users\Jakub\AppData\Local\Programs\MiKTeX\tex/generic/xkeyval\xkvutils.tex
\XKV@toks=\toks26
\XKV@tempa@toks=\toks27
)
\XKV@depth=\count352
File: xkeyval.tex 2014/12/03 v2.7a key=value parser (HA)
))
(C:\Users\Jakub\AppData\Local\Programs\MiKTeX\tex/latex/adjustbox\adjcalc.sty
Package: adjcalc 2012/05/16 v1.1 Provides advanced setlength with multiple back
-ends (calc, etex, pgfmath)
)
(C:\Users\Jakub\AppData\Local\Programs\MiKTeX\tex/latex/adjustbox\trimclip.sty
Package: trimclip 2025/02/21 v1.2a Trim and clip general TeX material

(C:\Users\Jakub\AppData\Local\Programs\MiKTeX\tex/latex/graphics\graphicx.sty
Package: graphicx 2024/12/31 v1.2e Enhanced LaTeX Graphics (DPC,SPQR)

(C:\Users\Jakub\AppData\Local\Programs\MiKTeX\tex/latex/graphics\graphics.sty
Package: graphics 2024/08/06 v1.4g Standard LaTeX Graphics (DPC,SPQR)

(C:\Users\Jakub\AppData\Local\Programs\MiKTeX\tex/latex/graphics\trig.sty
Package: trig 2023/12/02 v1.11 sin cos tan (DPC)
)
(C:\Users\Jakub\AppData\Local\Programs\MiKTeX\tex/latex/graphics-cfg\graphics.c
fg
File: graphics.cfg 2016/06/04 v1.11 sample graphics configuration
)
Package graphics Info: Driver file: pdftex.def on input line 106.
)
\Gin@req@height=\dimen286
\Gin@req@width=\dimen287
)
(C:\Users\Jakub\AppData\Local\Programs\MiKTeX\tex/latex/collectbox\collectbox.s
ty
Package: collectbox 2022/10/17 v0.4c Collect macro arguments as boxes
\collectedbox=\box138
)
\tc@llx=\dimen288
\tc@lly=\dimen289
\tc@urx=\dimen290
\tc@ury=\dimen291
Package trimclip Info: Using driver 'tc-pdftex.def'.

(C:\Users\Jakub\AppData\Local\Programs\MiKTeX\tex/latex/adjustbox\tc-pdftex.def
File: tc-pdftex.def 2025/02/26 v2.3 Clipping driver for pdftex
))
\adjbox@Width=\dimen292
\adjbox@Height=\dimen293
\adjbox@Depth=\dimen294
\adjbox@Totalheight=\dimen295
\adjbox@pwidth=\dimen296
\adjbox@pheight=\dimen297
\adjbox@pdepth=\dimen298
\adjbox@ptotalheight=\dimen299

(C:\Users\Jakub\AppData\Local\Programs\MiKTeX\tex/latex/ifoddpage\ifoddpage.sty
Package: ifoddpage 2022/10/18 v1.2 Conditionals for odd/even page detection
\c@checkoddpage=\count353
)) (C:\Users\Jakub\AppData\Local\Programs\MiKTeX\tex/latex/amsfonts\amssymb.sty
Package: amssymb 2013/01/14 v3.01 AMS font symbols
(C:\Users\Jakub\AppData\Local\Programs\MiKTeX\tex/latex/amsfonts\amsfonts.sty
Package: amsfonts 2013/01/14 v3.01 Basic AMSFonts support
\@emptytoks=\toks28
\symAMSa=\mathgroup4
\symAMSb=\mathgroup5
LaTeX Font Info:    Redeclaring math symbol \hbar on input line 98.
LaTeX Font Info:    Overwriting math alphabet `\mathfrak' in version `bold'
(Font)                  U/euf/m/n --> U/euf/b/n on input line 106.
))
(C:\Users\Jakub\AppData\Local\Programs\MiKTeX\tex/latex/stackengine\stackengine
.sty
Package: stackengine 2021/07/22 v4.11\ Stacking text and objects in convenient 
ways

(C:\Users\Jakub\AppData\Local\Programs\MiKTeX\tex/latex/listofitems\listofitems
.sty
(C:\Users\Jakub\AppData\Local\Programs\MiKTeX\tex/generic/listofitems\listofite
ms.tex
\loi_cnt_foreach_nest=\count354
\loi_nestcnt=\count355
)
Package: listofitems 2024/03/09 v1.65 Grab items in lists using user-specified 
sep char (CT)
)
\c@@stackindex=\count356
\@boxshift=\skip73
\stack@tmplength=\skip74
\temp@stkl=\skip75
\@stackedboxwidth=\skip76
\@addedbox=\box139
\@anchorbox=\box140
\@insetbox=\box141
\se@backgroundbox=\box142
\stackedbox=\box143
\@centerbox=\box144
\c@ROWcellindex@=\count357
)
(C:\Users\Jakub\AppData\Local\Programs\MiKTeX\tex/latex/enumitem\enumitem.sty
Package: enumitem 2025/02/06 v3.11 Customized lists
\labelindent=\skip77
\enit@outerparindent=\dimen300
\enit@toks=\toks29
\enit@inbox=\box145
\enit@count@id=\count358
\enitdp@description=\count359
)
(C:\Users\Jakub\AppData\Local\Programs\MiKTeX\tex/generic/alphalph\alphalph.sty
Package: alphalph 2019/12/09 v2.6 Convert numbers to letters (HO)
(C:\Users\Jakub\AppData\Local\Programs\MiKTeX\tex/generic/intcalc\intcalc.sty
Package: intcalc 2019/12/15 v1.3 Expandable calculations with integers (HO)
)) (C:\Users\Jakub\AppData\Local\Programs\MiKTeX\tex/latex/ulem\ulem.sty
\UL@box=\box146
\UL@hyphenbox=\box147
\UL@skip=\skip78
\UL@hook=\toks30
\UL@height=\dimen301
\UL@pe=\count360
\UL@pixel=\dimen302
\ULC@box=\box148
Package: ulem 2019/11/18
\ULdepth=\dimen303
)
\xrefbox=\box149
\xreflength=\skip79
\CodeWidthChar=\skip80
\CodeHeightChar=\skip81
\DoxyCodeWidth=\skip82
\ttcharwidth=\skip83
\c@DoxyEnumeratei=\count361
\c@DoxyEnumerateii=\count362
\c@DoxyEnumerateiii=\count363
\c@DoxyEnumerateiv=\count364
\c@DoxyEnumeratev=\count365
\c@DoxyEnumeratevi=\count366
\c@DoxyEnumeratevii=\count367
\c@DoxyEnumerateviii=\count368
\c@DoxyEnumerateix=\count369
\c@DoxyEnumeratex=\count370
\c@DoxyEnumeratexi=\count371
\c@DoxyEnumeratexii=\count372
\enitdp@DoxyEnumerate=\count373
\enitdp@DoxyItemize=\count374
\doxymboxbox=\box150
\doxymboxlength=\skip84
\c@subsubsubsection=\count375
\c@subsubsubsubsection=\count376
\c@subsubsubsubsubsection=\count377
\c@subsubsubsubsubsubsection=\count378
)
(C:\Users\Jakub\AppData\Local\Programs\MiKTeX\tex/latex/base\inputenc.sty
Package: inputenc 2024/02/08 v1.3d Input encoding file
\inpenc@prehook=\toks31
\inpenc@posthook=\toks32
)
(C:\Users\Jakub\AppData\Local\Programs\MiKTeX\tex/latex/base\makeidx.sty
Package: makeidx 2021/10/04 v1.0m Standard LaTeX package
)
(C:\Users\Jakub\AppData\Local\Programs\MiKTeX\tex/latex/base\textcomp.sty
Package: textcomp 2024/04/24 v2.1b Standard LaTeX package
)
(C:\Users\Jakub\AppData\Local\Programs\MiKTeX\tex/latex/wasysym\wasysym.sty
Package: wasysym 2020/01/19 v2.4 Wasy-2 symbol support package
\symwasy=\mathgroup6
LaTeX Font Info:    Overwriting symbol font `wasy' in version `bold'
(Font)                  U/wasy/m/n --> U/wasy/b/n on input line 93.
)
(C:\Users\Jakub\AppData\Local\Programs\MiKTeX\tex/generic/iftex\ifxetex.sty
Package: ifxetex 2019/10/25 v0.7 ifxetex legacy package. Use iftex instead.
)
(C:\Users\Jakub\AppData\Local\Programs\MiKTeX\tex/latex/base\fontenc.sty
Package: fontenc 2025/07/18 v2.1d Standard LaTeX package
)
(C:\Users\Jakub\AppData\Local\Programs\MiKTeX\tex/latex/psnfss\helvet.sty
Package: helvet 2020/03/25 PSNFSS-v9.3 (WaS) 
)
(C:\Users\Jakub\AppData\Local\Programs\MiKTeX\tex/latex/psnfss\courier.sty
Package: courier 2020/03/25 PSNFSS-v9.3 (WaS) 
)
(C:\Users\Jakub\AppData\Local\Programs\MiKTeX\tex/latex/geometry\geometry.sty
Package: geometry 2026/03/07 v6.0 Page Geometry

(C:\Users\Jakub\AppData\Local\Programs\MiKTeX\tex/generic/iftex\ifvtex.sty
Package: ifvtex 2019/10/25 v1.7 ifvtex legacy package. Use iftex instead.
)
\Gm@cnth=\count379
\Gm@cntv=\count380
\c@Gm@tempcnt=\count381
\Gm@bindingoffset=\dimen304
\Gm@wd@mp=\dimen305
\Gm@odd@mp=\dimen306
\Gm@even@mp=\dimen307
\Gm@layoutwidth=\dimen308
\Gm@layoutheight=\dimen309
\Gm@layouthoffset=\dimen310
\Gm@layoutvoffset=\dimen311
\Gm@dimlist=\toks33

(C:\Users\Jakub\AppData\Local\Programs\MiKTeX\tex/latex/geometry\geometry.cfg))

(C:\Users\Jakub\AppData\Local\Programs\MiKTeX\tex/latex/changepage\changepage.s
ty
Package: changepage 2009/10/20 v1.0c check page and change page layout
\c@cp@cntr=\count382
\cp@tempcnt=\count383
LaTeX Info: Redefining \checkoddpage on input line 59.
)
(C:\Users\Jakub\AppData\Local\Programs\MiKTeX\tex/latex/fancyhdr\fancyhdr.sty
Package: fancyhdr 2025/02/07 v5.2 Extensive control of page headers and footers

\f@nch@headwidth=\skip85
\f@nch@offset@elh=\skip86
\f@nch@offset@erh=\skip87
\f@nch@offset@olh=\skip88
\f@nch@offset@orh=\skip89
\f@nch@offset@elf=\skip90
\f@nch@offset@erf=\skip91
\f@nch@offset@olf=\skip92
\f@nch@offset@orf=\skip93
\f@nch@height=\skip94
\f@nch@footalignment=\skip95
\f@nch@widthL=\skip96
\f@nch@widthC=\skip97
\f@nch@widthR=\skip98
\@temptokenb=\toks34
)
(C:\Users\Jakub\AppData\Local\Programs\MiKTeX\tex/latex/natbib\natbib.sty
Package: natbib 2010/09/13 8.31b (PWD, AO)
\bibhang=\skip99
\bibsep=\skip100
LaTeX Info: Redefining \cite on input line 694.
\c@NAT@ctr=\count384
)
(C:\Users\Jakub\AppData\Local\Programs\MiKTeX\tex/latex/tocloft\tocloft.sty
Package: tocloft 2017/08/31 v2.3i parameterised ToC, etc., typesetting
Package tocloft Info: The document has chapter divisions on input line 51.
\cftparskip=\skip101
\cftbeforetoctitleskip=\skip102
\cftaftertoctitleskip=\skip103
\cftbeforepartskip=\skip104
\cftpartnumwidth=\skip105
\cftpartindent=\skip106
\cftbeforechapskip=\skip107
\cftchapindent=\skip108
\cftchapnumwidth=\skip109
\cftbeforesecskip=\skip110
\cftsecindent=\skip111
\cftsecnumwidth=\skip112
\cftbeforesubsecskip=\skip113
\cftsubsecindent=\skip114
\cftsubsecnumwidth=\skip115
\cftbeforesubsubsecskip=\skip116
\cftsubsubsecindent=\skip117
\cftsubsubsecnumwidth=\skip118
\cftbeforeparaskip=\skip119
\cftparaindent=\skip120
\cftparanumwidth=\skip121
\cftbeforesubparaskip=\skip122
\cftsubparaindent=\skip123
\cftsubparanumwidth=\skip124
\cftbeforeloftitleskip=\skip125
\cftafterloftitleskip=\skip126
\cftbeforefigskip=\skip127
\cftfigindent=\skip128
\cftfignumwidth=\skip129
\c@lofdepth=\count385
\c@lotdepth=\count386
\cftbeforelottitleskip=\skip130
\cftafterlottitleskip=\skip131
\cftbeforetabskip=\skip132
\cfttabindent=\skip133
\cfttabnumwidth=\skip134
)
\@indexfile=\write4
\openout4 = `refman.idx'.


Writing index file refman.idx

(C:\Users\Jakub\AppData\Local\Programs\MiKTeX\tex/latex/newunicodechar\newunico
dechar.sty
Package: newunicodechar 2018/04/08 v1.2 Defining Unicode characters
)
(C:\Users\Jakub\AppData\Local\Programs\MiKTeX\tex/latex/hyperref\hyperref.sty
Package: hyperref 2025-07-12 v7.01o Hypertext links for LaTeX

(C:\Users\Jakub\AppData\Local\Programs\MiKTeX\tex/latex/kvsetkeys\kvsetkeys.sty
Package: kvsetkeys 2022-10-05 v1.19 Key value parser (HO)
)
(C:\Users\Jakub\AppData\Local\Programs\MiKTeX\tex/generic/kvdefinekeys\kvdefine
keys.sty
Package: kvdefinekeys 2019-12-19 v1.6 Define keys (HO)
)
(C:\Users\Jakub\AppData\Local\Programs\MiKTeX\tex/generic/pdfescape\pdfescape.s
ty
Package: pdfescape 2019/12/09 v1.15 Implements pdfTeX's escape features (HO)

(C:\Users\Jakub\AppData\Local\Programs\MiKTeX\tex/generic/ltxcmds\ltxcmds.sty
Package: ltxcmds 2023-12-04 v1.26 LaTeX kernel commands for general use (HO)
)
(C:\Users\Jakub\AppData\Local\Programs\MiKTeX\tex/generic/pdftexcmds\pdftexcmds
.sty
Package: pdftexcmds 2020-06-27 v0.33 Utility functions of pdfTeX for LuaTeX (HO
)
Package pdftexcmds Info: \pdf@primitive is available.
Package pdftexcmds Info: \pdf@ifprimitive is available.
Package pdftexcmds Info: \pdfdraftmode found.
))
(C:\Users\Jakub\AppData\Local\Programs\MiKTeX\tex/latex/hycolor\hycolor.sty
Package: hycolor 2020-01-27 v1.10 Color options for hyperref/bookmark (HO)
)
(C:\Users\Jakub\AppData\Local\Programs\MiKTeX\tex/latex/hyperref\nameref.sty
Package: nameref 2025-06-21 v2.57 Cross-referencing by name of section

(C:\Users\Jakub\AppData\Local\Programs\MiKTeX\tex/latex/refcount\refcount.sty
Package: refcount 2019/12/15 v3.6 Data extraction from label references (HO)
)
(C:\Users\Jakub\AppData\Local\Programs\MiKTeX\tex/generic/gettitlestring\gettit
lestring.sty
Package: gettitlestring 2019/12/15 v1.6 Cleanup title references (HO)

(C:\Users\Jakub\AppData\Local\Programs\MiKTeX\tex/latex/kvoptions\kvoptions.sty
Package: kvoptions 2022-06-15 v3.15 Key value format for package options (HO)
))
\c@section@level=\count387
)
(C:\Users\Jakub\AppData\Local\Programs\MiKTeX\tex/generic/stringenc\stringenc.s
ty
Package: stringenc 2019/11/29 v1.12 Convert strings between diff. encodings (HO
)
)
\@linkdim=\dimen312
\Hy@linkcounter=\count388
\Hy@pagecounter=\count389
 (C:\Users\Jakub\AppData\Local\Programs\MiKTeX\tex/latex/hyperref\pd1enc.def
File: pd1enc.def 2025-07-12 v7.01o Hyperref: PDFDocEncoding definition (HO)
Now handling font encoding PD1 ...
... no UTF-8 mapping file for font encoding PD1
)
\Hy@SavedSpaceFactor=\count390
 (C:\Users\Jakub\AppData\Local\Programs\MiKTeX\tex/latex/hyperref\puenc.def
File: puenc.def 2025-07-12 v7.01o Hyperref: PDF Unicode definition (HO)
Now handling font encoding PU ...
... no UTF-8 mapping file for font encoding PU
)
Package hyperref Info: Hyper figures OFF on input line 4195.
Package hyperref Info: Link nesting OFF on input line 4200.
Package hyperref Info: Hyper index ON on input line 4203.
Package hyperref Info: Plain pages OFF on input line 4210.
Package hyperref Info: Backreferencing ON on input line 4213.
Package hyperref Info: Implicit mode ON; LaTeX internals redefined.
Package hyperref Info: Bookmarks ON on input line 4462.

(C:\Users\Jakub\AppData\Local\Programs\MiKTeX\tex/latex/hyperref\backref.sty
Package: backref 2025-06-21 v1.45 Bibliographical back referencing

(C:\Users\Jakub\AppData\Local\Programs\MiKTeX\tex/latex/rerunfilecheck\rerunfil
echeck.sty
Package: rerunfilecheck 2025-06-21 v1.11 Rerun checks for auxiliary files (HO)

(C:\Users\Jakub\AppData\Local\Programs\MiKTeX\tex/generic/uniquecounter\uniquec
ounter.sty
Package: uniquecounter 2019/12/15 v1.4 Provide unlimited unique counter (HO)

(C:\Users\Jakub\AppData\Local\Programs\MiKTeX\tex/generic/bigintcalc\bigintcalc
.sty
Package: bigintcalc 2019/12/15 v1.5 Expandable calculations on big integers (HO
)
))
Package uniquecounter Info: New unique counter `rerunfilecheck' on input line 2
84.
))
\c@Hy@tempcnt=\count391
 (C:\Users\Jakub\AppData\Local\Programs\MiKTeX\tex/latex/url\url.sty
\Urlmuskip=\muskip17
Package: url 2013/09/16  ver 3.4  Verb mode for urls, etc.
)
LaTeX Info: Redefining \url on input line 4801.
\XeTeXLinkMargin=\dimen313

(C:\Users\Jakub\AppData\Local\Programs\MiKTeX\tex/generic/bitset\bitset.sty
Package: bitset 2019/12/09 v1.3 Handle bit-vector datatype (HO)
)
\Fld@menulength=\count392
\Field@Width=\dimen314
\Fld@charsize=\dimen315
Package hyperref Info: Hyper figures OFF on input line 6078.
Package hyperref Info: Link nesting OFF on input line 6083.
Package hyperref Info: Hyper index ON on input line 6086.
Package hyperref Info: backreferencing ON on input line 6091.
Package hyperref Info: Link coloring OFF on input line 6098.
Package hyperref Info: Link coloring with OCG OFF on input line 6103.
Package hyperref Info: PDF/A mode OFF on input line 6108.
\Hy@abspage=\count393
\c@Item=\count394
\c@Hfootnote=\count395
)
Package hyperref Info: Driver: hpdftex.

(C:\Users\Jakub\AppData\Local\Programs\MiKTeX\tex/latex/hyperref\hpdftex.def
File: hpdftex.def 2025-07-12 v7.01o Hyperref driver for pdfTeX
\Fld@listcount=\count396
\c@bookmark@seq@number=\count397
\Hy@SectionHShift=\skip135
)
Package hyperref Info: Option `colorlinks' set `true' on input line 179.
Package hyperref Info: Option `unicode' set `true' on input line 179.

(C:\Users\Jakub\AppData\Local\Programs\MiKTeX\tex/latex/caption\caption.sty
Package: caption 2023/08/05 v3.6o Customizing captions (AR)

(C:\Users\Jakub\AppData\Local\Programs\MiKTeX\tex/latex/caption\caption3.sty
Package: caption3 2023/07/31 v2.4d caption3 kernel (AR)
\caption@tempdima=\dimen316
\captionmargin=\dimen317
\caption@leftmargin=\dimen318
\caption@rightmargin=\dimen319
\caption@width=\dimen320
\caption@indent=\dimen321
\caption@parindent=\dimen322
\caption@hangindent=\dimen323
Package caption Info: Standard document class detected.
)
\c@caption@flags=\count398
\c@continuedfloat=\count399
Package caption Info: changepage package is loaded.
\caption@adjustwidth@hsize=\dimen324
\caption@adjustwidth@linewidth=\dimen325
Package caption Info: float package is loaded.
Package caption Info: hyperref package is loaded.
Package caption Info: longtable package is loaded.

(C:\Users\Jakub\AppData\Local\Programs\MiKTeX\tex/latex/caption\ltcaption.sty
Package: ltcaption 2021/01/08 v1.4c longtable captions (AR)
)) (C:\Users\Jakub\AppData\Local\Programs\MiKTeX\tex/latex/etoc\etoc.sty
Package: etoc 2023/10/29 v1.2d Completely customisable TOCs (JFB)
\Etoc@toctoks=\toks35
\c@etoc@tocid=\count400
\etoc@framed@titlebox=\box151
\etoc@framed@contentsbox=\box152
)
LaTeX Font Info:    Trying to load font information for T1+phv on input line 20
1.

(C:\Users\Jakub\AppData\Local\Programs\MiKTeX\tex/latex/psnfss\t1phv.fd
File: t1phv.fd 2020/03/25 scalable font definitions for T1/phv.
)
LaTeX Font Info:    Font shape `T1/phv/m/n' will be
(Font)              scaled to size 8.99994pt on input line 201.

No file refman.aux.
\openout1 = `refman.aux'.

LaTeX Font Info:    Checking defaults for OML/cmm/m/it on input line 201.
LaTeX Font Info:    ... okay on input line 201.
LaTeX Font Info:    Checking defaults for OMS/cmsy/m/n on input line 201.
LaTeX Font Info:    ... okay on input line 201.
LaTeX Font Info:    Checking defaults for OT1/cmr/m/n on input line 201.
LaTeX Font Info:    ... okay on input line 201.
LaTeX Font Info:    Checking defaults for T1/cmr/m/n on input line 201.
LaTeX Font Info:    ... okay on input line 201.
LaTeX Font Info:    Checking defaults for TS1/cmr/m/n on input line 201.
LaTeX Font Info:    ... okay on input line 201.
LaTeX Font Info:    Checking defaults for OMX/cmex/m/n on input line 201.
LaTeX Font Info:    ... okay on input line 201.
LaTeX Font Info:    Checking defaults for U/cmr/m/n on input line 201.
LaTeX Font Info:    ... okay on input line 201.
LaTeX Font Info:    Checking defaults for PD1/pdf/m/n on input line 201.
LaTeX Font Info:    ... okay on input line 201.
LaTeX Font Info:    Checking defaults for PU/pdf/m/n on input line 201.
LaTeX Font Info:    ... okay on input line 201.

(C:\Users\Jakub\AppData\Local\Programs\MiKTeX\tex/context/base/mkii\supp-pdf.mk
ii
[Loading MPS to PDF converter (version 2006.09.02).]
\scratchcounter=\count401
\scratchdimen=\dimen326
\scratchbox=\box153
\nofMPsegments=\count402
\nofMParguments=\count403
\everyMPshowfont=\toks36
\MPscratchCnt=\count404
\MPscratchDim=\dimen327
\MPnumerator=\count405
\makeMPintoPDFobject=\count406
\everyMPtoPDFconversion=\toks37
)
(C:\Users\Jakub\AppData\Local\Programs\MiKTeX\tex/latex/epstopdf-pkg\epstopdf-b
ase.sty
Package: epstopdf-base 2020-01-24 v2.11 Base part for package epstopdf
Package epstopdf-base Info: Redefining graphics rule for `.eps' on input line 4
85.

(C:\Users\Jakub\AppData\Local\Programs\MiKTeX\tex/latex/00miktex\epstopdf-sys.c
fg
File: epstopdf-sys.cfg 2021/03/18 v2.0 Configuration of epstopdf for MiKTeX
))
*geometry* driver: auto-detecting
*geometry* detected driver: pdftex
*geometry* verbose mode - [ preamble ] result:
* driver: pdftex
* paper: a4paper
* layout: <same size as paper>
* layoutoffset:(h,v)=(0.0pt,0.0pt)
* modes: twoside 
* h-part:(L,W,R)=(71.13188pt, 455.24411pt, 71.13188pt)
* v-part:(T,H,B)=(71.13188pt, 702.78308pt, 71.13188pt)
* \paperwidth=597.50787pt
* \paperheight=845.04684pt
* \textwidth=455.24411pt
* \textheight=702.78308pt
* \oddsidemargin=-1.1381pt
* \evensidemargin=-1.1381pt
* \topmargin=-31.2056pt
* \headheight=12.0pt
* \headsep=18.06749pt
* \topskip=10.0pt
* \footskip=25.29494pt
* \marginparwidth=125.0pt
* \marginparsep=7.0pt
* \columnsep=10.0pt
* \skip\footins=9.0pt plus 4.0pt minus 2.0pt
* \hoffset=0.0pt
* \voffset=0.0pt
* \mag=1000
* \@twocolumnfalse
* \@twosidetrue
* \@mparswitchtrue
* \@reversemarginfalse
* (1in=72.27pt=25.4mm, 1cm=28.453pt)

Package backref Info: ** backref set up for natbib ** on input line 201.
Package hyperref Info: Link coloring ON on input line 201.
\@outlinefile=\write5
\openout5 = `refman.out'.

Package caption Info: Begin \AtBeginDocument code.
Package caption Info: End \AtBeginDocument code.
No file refman.toc.
Package hyperref Info: Option `pageanchor' set `false' on input line 209.
Package hyperref Info: Option `bookmarksnumbered' set `true' on input line 209.

Package hyperref Info: Option `unicode' set `true' on input line 209.
LaTeX Font Info:    Font shape `T1/phv/m/n' will be
(Font)              scaled to size 12.9599pt on input line 214.
LaTeX Font Info:    Font shape `T1/phv/m/n' will be
(Font)              scaled to size 10.79993pt on input line 215.
LaTeX Font Info:    Font shape `T1/phv/m/n' will be
(Font)              scaled to size 6.29996pt on input line 215.
LaTeX Font Info:    Trying to load font information for U+msa on input line 215
.
(C:\Users\Jakub\AppData\Local\Programs\MiKTeX\tex/latex/amsfonts\umsa.fd
File: umsa.fd 2013/01/14 v3.01 AMS symbols A
)
LaTeX Font Info:    Trying to load font information for U+msb on input line 215
.

(C:\Users\Jakub\AppData\Local\Programs\MiKTeX\tex/latex/amsfonts\umsb.fd
File: umsb.fd 2013/01/14 v3.01 AMS symbols B
)
LaTeX Font Info:    Trying to load font information for U+wasy on input line 21
5.

(C:\Users\Jakub\AppData\Local\Programs\MiKTeX\tex/latex/wasysym\uwasy.fd
File: uwasy.fd 2020/01/19 v2.4 Wasy-2 symbol font definitions
)
[1


{C:/Users/Jakub/AppData/Local/MiKTeX/fonts/map/pdftex/pdftex.map}{C:/Users/Jaku
b/AppData/Local/Programs/MiKTeX/fonts/enc/dvips/base/8r.enc}] [2

]
\tf@toc=\write6
\openout6 = `refman.toc'.

Package hyperref Info: Option `pageanchor' set `true' on input line 226.

Chapter 1.
LaTeX Font Info:    Font shape `T1/phv/m/n' will be
(Font)              scaled to size 18.66588pt on input line 228.
LaTeX Font Info:    Font shape `T1/phv/b/n' will be
(Font)              scaled to size 18.66588pt on input line 228.
LaTeX Font Info:    Font shape `T1/phv/b/n' will be
(Font)              scaled to size 22.39185pt on input line 228.
(dirs.tex
LaTeX Font Info:    Font shape `T1/phv/b/n' will be
(Font)              scaled to size 12.9599pt on input line 1.
LaTeX Font Info:    Font shape `T1/phv/b/n' will be
(Font)              scaled to size 8.99994pt on input line 3.


LaTeX Warning: Reference `dir_d44c64559bbebec7f509842c48db8b23' on page 1 undef
ined on input line 3.


LaTeX Warning: Reference `student_8h' on page 1 undefined on input line 5.


LaTeX Warning: Reference `student__io__deque_8h' on page 1 undefined on input l
ine 6.


LaTeX Warning: Reference `student__io__list_8h' on page 1 undefined on input li
ne 7.


LaTeX Warning: Reference `student__io__vector_8h' on page 1 undefined on input 
line 8.


LaTeX Warning: Reference `timer_8h' on page 1 undefined on input line 9.


LaTeX Warning: Reference `utils_8h' on page 1 undefined on input line 10.


LaTeX Warning: Reference `zmogus_8h' on page 1 undefined on input line 11.


LaTeX Warning: Reference `dir_68267d1309a1af8e8297ef4c3efbcdba' on page 1 undef
ined on input line 13.


LaTeX Warning: Reference `io__deque_8cpp' on page 1 undefined on input line 15.



LaTeX Warning: Reference `io__list_8cpp' on page 1 undefined on input line 16.


LaTeX Warning: Reference `io__vector_8cpp' on page 1 undefined on input line 17
.


LaTeX Warning: Reference `main__deque_8cpp' on page 1 undefined on input line 1
8.


LaTeX Warning: Reference `main__list_8cpp' on page 1 undefined on input line 19
.


LaTeX Warning: Reference `main__vector_8cpp' on page 1 undefined on input line 
20.


LaTeX Warning: Reference `student_8cpp' on page 1 undefined on input line 21.


LaTeX Warning: Reference `utils_8cpp' on page 1 undefined on input line 22.


LaTeX Warning: Reference `dir_59425e443f801f1f2fd8bbe4959a3ccf' on page 1 undef
ined on input line 24.


LaTeX Warning: Reference `doctest_8h' on page 1 undefined on input line 26.


LaTeX Warning: Reference `test__studentas_8cpp' on page 1 undefined on input li
ne 27.

)
LaTeX Font Info:    Font shape `T1/phv/b/n' will be
(Font)              scaled to size 6.29996pt on input line 230.
 [1


] [2

]
Chapter 2.
(namespaces.tex

LaTeX Warning: Reference `namespacedoctest' on page 3 undefined on input line 3
.


LaTeX Warning: Reference `namespacedoctest_1_1assert_type' on page 3 undefined 
on input line 4.


LaTeX Warning: Reference `namespacedoctest_1_1_color' on page 3 undefined on in
put line 5.


LaTeX Warning: Reference `namespacedoctest_1_1detail' on page 3 undefined on in
put line 6.


LaTeX Warning: Reference `namespacedoctest_1_1detail_1_1binary_assert_compariso
n' on page 3 undefined on input line 7.


LaTeX Warning: Reference `namespacedoctest_1_1detail_1_1types' on page 3 undefi
ned on input line 8.


LaTeX Warning: Reference `namespacedoctest_1_1_test_case_failure_reason' on pag
e 3 undefined on input line 9.


LaTeX Warning: Reference `namespacedoctest__detail__test__suite__ns' on page 3 
undefined on input line 10.


LaTeX Warning: Reference `namespacestd' on page 3 undefined on input line 11.

) [3] [4

]
Chapter 3.
(hierarchy.tex

LaTeX Warning: Reference `structdoctest_1_1_approx' on page 5 undefined on inpu
t line 3.


LaTeX Warning: Reference `structdoctest_1_1_assert_data' on page 5 undefined on
 input line 4.


LaTeX Warning: Reference `structdoctest_1_1detail_1_1_result_builder' on page 5
 undefined on input line 6.


LaTeX Warning: Reference `classstd_1_1basic__istream' on page 5 undefined on in
put line 8.


LaTeX Warning: Reference `classstd_1_1basic__ostream' on page 5 undefined on in
put line 9.


LaTeX Warning: Reference `structstd_1_1char__traits' on page 5 undefined on inp
ut line 10.


LaTeX Warning: Reference `classdoctest_1_1_contains' on page 5 undefined on inp
ut line 11.


LaTeX Warning: Reference `classdoctest_1_1_context' on page 5 undefined on inpu
t line 12.


LaTeX Warning: Reference `structdoctest_1_1_context_options' on page 5 undefine
d on input line 13.


LaTeX Warning: Reference `structdoctest_1_1_current_test_case_stats' on page 5 
undefined on input line 14.


LaTeX Warning: Reference `structdoctest_1_1detail_1_1types_1_1enable__if' on pa
ge 5 undefined on input line 15.


LaTeX Warning: Reference `structdoctest_1_1detail_1_1types_1_1enable__if_3_01tr
ue_00_01_t_01_4' on page 5 undefined on input line 16.


LaTeX Warning: Reference `structdoctest_1_1detail_1_1_expression__lhs' on page 
5 undefined on input line 17.


LaTeX Warning: Reference `structdoctest_1_1detail_1_1_expression_decomposer' on
 page 5 undefined on input line 18.


LaTeX Warning: Reference `structdoctest_1_1detail_1_1types_1_1false__type' on p
age 5 undefined on input line 19.


LaTeX Warning: Reference `structdoctest_1_1detail_1_1has__insertion__operator_3
_01_t_00_01decltype_07operator_3_3_07declvab094f732977dc5a8a6181e0b8269a776' on
 page 5 undefined on input line 21.


Underfull \hbox (badness 5231) in paragraph at lines 21--21
 [][] \T1/phv/m/n/10 doctest::[]detail::[]has[]_[]insertion[]_[]operator$\OML/c
mm/m/it/10 <$ \T1/phv/m/n/10 T, decltype(operator$\OML/cmm/m/it/10 <$$<$\T1/phv
/m/n/10 (declval$\OML/cmm/m/it/10 <$ \T1/phv/m/n/10 std::[]ostream & $\OML/cmm/
m/it/10 >$\T1/phv/m/n/10 (), 
 []


LaTeX Warning: Reference `structdoctest_1_1detail_1_1is__container_3_01_t_00_01
types_1_1void__t_3_01typename_01_t_1_1valueb97f805f821edcbb0eec78032ce8a7ca' on
 page 5 undefined on input line 22.


Underfull \hbox (badness 3895) in paragraph at lines 22--22
 [][] \T1/phv/m/n/10 doctest::[]detail::[]is[]_[]container$\OML/cmm/m/it/10 <$ 
\T1/phv/m/n/10 T, types::[]void[]_[]t$\OML/cmm/m/it/10 <$ \T1/phv/m/n/10 type-n
ame T::[]value[]_[]type, type-name T::[]iterator, 
 []


LaTeX Warning: Reference `structdoctest_1_1detail_1_1is__pair_3_01_t_00_01types
_1_1void__t_3_01typename_01_t_1_1first__typ97ed414dfe36750d42ae446dcf1a18f4' on
 page 5 undefined on input line 23.


Underfull \hbox (badness 6236) in paragraph at lines 23--23
 [][] \T1/phv/m/n/10 doctest::[]detail::[]is[]_[]pair$\OML/cmm/m/it/10 <$ \T1/p
hv/m/n/10 T, types::[]void[]_[]t$\OML/cmm/m/it/10 <$ \T1/phv/m/n/10 type-name T
::[]first[]_[]type, type-name T::[]second[]_[]type, 
 []


LaTeX Warning: Reference `structdoctest_1_1detail_1_1is__std__string_3_01_t_00_
01typename_01types_1_1enable__if_3_01types_2de037c573a46121f59eca8f5b5a731f' on
 page 5 undefined on input line 24.


Underfull \hbox (badness 879) in paragraph at lines 24--24
 [][] \T1/phv/m/n/10 doctest::[]detail::[]is[]_[]std[]_[]string$\OML/cmm/m/it/1
0 <$ \T1/phv/m/n/10 T, type-name types::[]enable[]_[]if$\OML/cmm/m/it/10 <$ \T1
/phv/m/n/10 types::[]is[]_[]same$\OML/cmm/m/it/10 <$ \T1/phv/m/n/10 decltype(de
clval$\OML/cmm/m/it/10 <$ 
 []


LaTeX Warning: Reference `structdoctest_1_1detail_1_1types_1_1is__array_3_01_t_
0f_s_i_z_e_0e_4' on page 5 undefined on input line 25.


LaTeX Warning: Reference `structdoctest_1_1detail_1_1types_1_1is__pointer_3_01_
t_01_5_01_4' on page 5 undefined on input line 26.


LaTeX Warning: Reference `structdoctest_1_1detail_1_1types_1_1is__rvalue__refer
ence_3_01_t_01_6_6_01_4' on page 5 undefined on input line 27.


LaTeX Warning: Reference `structdoctest_1_1detail_1_1types_1_1is__same_3_01_t_0
0_01_t_01_4' on page 5 undefined on input line 28.


LaTeX Warning: Reference `structdoctest_1_1detail_1_1deferred__false' on page 5
 undefined on input line 29.


LaTeX Warning: Reference `structdoctest_1_1detail_1_1has__insertion__operator' 
on page 5 undefined on input line 30.


LaTeX Warning: Reference `structdoctest_1_1detail_1_1is__container' on page 5 u
ndefined on input line 31.


LaTeX Warning: Reference `structdoctest_1_1detail_1_1is__pair' on page 5 undefi
ned on input line 32.


LaTeX Warning: Reference `structdoctest_1_1detail_1_1is__std__string' on page 5
 undefined on input line 33.


LaTeX Warning: Reference `structdoctest_1_1detail_1_1types_1_1is__array' on pag
e 5 undefined on input line 34.


LaTeX Warning: Reference `structdoctest_1_1detail_1_1types_1_1is__pointer' on p
age 5 undefined on input line 35.


LaTeX Warning: Reference `structdoctest_1_1detail_1_1types_1_1is__rvalue__refer
ence' on page 5 undefined on input line 36.


LaTeX Warning: Reference `structdoctest_1_1detail_1_1types_1_1is__same' on page
 5 undefined on input line 37.


LaTeX Warning: Reference `structdoctest_1_1detail_1_1filldata' on page 5 undefi
ned on input line 39.


LaTeX Warning: Reference `structdoctest_1_1detail_1_1filldata_3_01const_01char_
0f_n_0e_4' on page 5 undefined on input line 40.

[5]

LaTeX Warning: Reference `structdoctest_1_1detail_1_1filldata_3_01const_01void_
01_5_01_4' on page 6 undefined on input line 41.


LaTeX Warning: Reference `structdoctest_1_1detail_1_1filldata_3_01const_01volat
ile_01void_01_5_01_4' on page 6 undefined on input line 42.


LaTeX Warning: Reference `structdoctest_1_1detail_1_1filldata_3_01_t_01_5_01_4'
 on page 6 undefined on input line 43.


LaTeX Warning: Reference `structdoctest_1_1detail_1_1filldata_3_01_t_00_01typen
ame_01detail_1_1types_1_1enable__if_3_01_9d9dcd4a078e0a95b0118a6aa265dbba06' on
 page 6 undefined on input line 44.


LaTeX Warning: Reference `structdoctest_1_1detail_1_1filldata_3_01_t_00_01typen
ame_01detail_1_1types_1_1enable__if_3_9detaa8666b81badacc32033ad72bded95b8c' on
 page 6 undefined on input line 45.


LaTeX Warning: Reference `structdoctest_1_1detail_1_1filldata_3_01_t_0f_n_0e_4'
 on page 6 undefined on input line 46.


LaTeX Warning: Reference `structdoctest_1_1_i_context_scope' on page 6 undefine
d on input line 47.


LaTeX Warning: Reference `structdoctest_1_1detail_1_1_context_scope_base' on pa
ge 6 undefined on input line 49.


LaTeX Warning: Reference `classdoctest_1_1detail_1_1_context_scope' on page 6 u
ndefined on input line 51.


LaTeX Warning: Reference `structdoctest_1_1detail_1_1_i_exception_translator' o
n page 6 undefined on input line 54.


LaTeX Warning: Reference `classdoctest_1_1detail_1_1_exception_translator' on p
age 6 undefined on input line 56.


LaTeX Warning: Reference `structdoctest_1_1_i_reporter' on page 6 undefined on 
input line 58.


LaTeX Warning: Reference `structdoctest_1_1detail_1_1types_1_1is__enum' on page
 6 undefined on input line 59.


LaTeX Warning: Reference `structdoctest_1_1_is_na_n' on page 6 undefined on inp
ut line 60.


LaTeX Warning: Reference `structdoctest_1_1_message_data' on page 6 undefined o
n input line 61.


LaTeX Warning: Reference `structdoctest_1_1detail_1_1_message_builder' on page 
6 undefined on input line 63.


LaTeX Warning: Reference `structdoctest_1_1_query_data' on page 6 undefined on 
input line 65.


LaTeX Warning: Reference `structdoctest_1_1detail_1_1_relational_comparator' on
 page 6 undefined on input line 66.


LaTeX Warning: Reference `structdoctest_1_1detail_1_1types_1_1remove__const' on
 page 6 undefined on input line 67.


LaTeX Warning: Reference `structdoctest_1_1detail_1_1types_1_1remove__const_3_0
1const_01_t_01_4' on page 6 undefined on input line 68.


LaTeX Warning: Reference `structdoctest_1_1detail_1_1types_1_1remove__reference
' on page 6 undefined on input line 69.


LaTeX Warning: Reference `structdoctest_1_1detail_1_1types_1_1remove__reference
_3_01_t_01_6_01_4' on page 6 undefined on input line 70.


LaTeX Warning: Reference `structdoctest_1_1detail_1_1types_1_1remove__reference
_3_01_t_01_6_6_01_4' on page 6 undefined on input line 71.


LaTeX Warning: Reference `structdoctest_1_1detail_1_1_result' on page 6 undefin
ed on input line 72.


LaTeX Warning: Reference `structdoctest_1_1detail_1_1should__stringify__as__und
erlying__type' on page 6 undefined on input line 73.


LaTeX Warning: Reference `classdoctest_1_1_string' on page 6 undefined on input
 line 74.


LaTeX Warning: Reference `classdoctest_1_1_assert_data_1_1_string_contains' on 
page 6 undefined on input line 75.


LaTeX Warning: Reference `structdoctest_1_1detail_1_1_string_maker_base' on pag
e 6 undefined on input line 76.


LaTeX Warning: Reference `structdoctest_1_1detail_1_1_string_maker_base' on pag
e 6 undefined on input line 77.


Underfull \hbox (badness 1796) in paragraph at lines 77--77
 [][] \T1/phv/m/n/10 doctest::[]detail::[][]String[]Maker[]Base$\OML/cmm/m/it/1
0 <$ \T1/phv/m/n/10 detail::[]has[]_[]insertion[]_[]operator$\OML/cmm/m/it/10 <
$ \T1/phv/m/n/10 T $\OML/cmm/m/it/10 >$\T1/phv/m/n/10 value$\OMS/cmsy/m/n/10 j$
$j$\T1/phv/m/n/10 detailtypes::[]is[]_[]pointer$\OML/cmm/m/it/10 <$ 
 []


Underfull \hbox (badness 832) in paragraph at lines 77--77
 \T1/phv/m/n/10 T $\OML/cmm/m/it/10 >$\T1/phv/m/n/10 value$\OMS/cmsy/m/n/10 j$$
j$\T1/phv/m/n/10 detailtypes::[]is[]_[]array$\OML/cmm/m/it/10 <$ \T1/phv/m/n/10
 T $\OML/cmm/m/it/10 >$\T1/phv/m/n/10 value$\OMS/cmsy/m/n/10 j$$j$\T1/phv/m/n/1
0 detailis[]_[]pair$\OML/cmm/m/it/10 <$ \T1/phv/m/n/10 T $\OML/cmm/m/it/10 >$\T
1/phv/m/n/10 value$\OMS/cmsy/m/n/10 j$$j$\T1/phv/m/n/10 detailis[]_[]container$
\OML/cmm/m/it/10 <$ \T1/phv/m/n/10 T 
 []


LaTeX Warning: Reference `structdoctest_1_1_string_maker' on page 6 undefined o
n input line 79.


LaTeX Warning: Reference `structdoctest_1_1detail_1_1_string_maker_base_3_01tru
e_01_4' on page 6 undefined on input line 81.


LaTeX Warning: Reference `structdoctest_1_1detail_1_1_subcase' on page 6 undefi
ned on input line 82.


LaTeX Warning: Reference `structdoctest_1_1_subcase_signature' on page 6 undefi
ned on input line 83.


LaTeX Warning: Reference `structdoctest_1_1_test_case_data' on page 6 undefined
 on input line 84.


LaTeX Warning: Reference `structdoctest_1_1detail_1_1_test_case' on page 6 unde
fined on input line 86.


LaTeX Warning: Reference `structdoctest_1_1_test_case_exception' on page 6 unde
fined on input line 88.


LaTeX Warning: Reference `structdoctest_1_1detail_1_1_test_failure_exception' o
n page 6 undefined on input line 89.


LaTeX Warning: Reference `structdoctest_1_1_test_run_stats' on page 6 undefined
 on input line 90.


LaTeX Warning: Reference `structdoctest_1_1detail_1_1_test_suite' on page 6 und
efined on input line 91.


LaTeX Warning: Reference `class_timer' on page 6 undefined on input line 92.


LaTeX Warning: Reference `structdoctest_1_1detail_1_1types_1_1true__type' on pa
ge 6 undefined on input line 93.


LaTeX Warning: Reference `structdoctest_1_1detail_1_1has__insertion__operator_3
_01_t_00_01decltype_07operator_3_3_07declvab094f732977dc5a8a6181e0b8269a776' on
 page 6 undefined on input line 95.


Underfull \hbox (badness 5231) in paragraph at lines 95--95
 [][] \T1/phv/m/n/10 doctest::[]detail::[]has[]_[]insertion[]_[]operator$\OML/c
mm/m/it/10 <$ \T1/phv/m/n/10 T, decltype(operator$\OML/cmm/m/it/10 <$$<$\T1/phv
/m/n/10 (declval$\OML/cmm/m/it/10 <$ \T1/phv/m/n/10 std::[]ostream & $\OML/cmm/
m/it/10 >$\T1/phv/m/n/10 (), 
 []


LaTeX Warning: Reference `structdoctest_1_1detail_1_1is__container_3_01_t_00_01
types_1_1void__t_3_01typename_01_t_1_1valueb97f805f821edcbb0eec78032ce8a7ca' on
 page 6 undefined on input line 96.


Underfull \hbox (badness 3895) in paragraph at lines 96--96
 [][] \T1/phv/m/n/10 doctest::[]detail::[]is[]_[]container$\OML/cmm/m/it/10 <$ 
\T1/phv/m/n/10 T, types::[]void[]_[]t$\OML/cmm/m/it/10 <$ \T1/phv/m/n/10 type-n
ame T::[]value[]_[]type, type-name T::[]iterator, 
 []


LaTeX Warning: Reference `structdoctest_1_1detail_1_1is__pair_3_01_t_00_01types
_1_1void__t_3_01typename_01_t_1_1first__typ97ed414dfe36750d42ae446dcf1a18f4' on
 page 6 undefined on input line 97.


Underfull \hbox (badness 6236) in paragraph at lines 97--97
 [][] \T1/phv/m/n/10 doctest::[]detail::[]is[]_[]pair$\OML/cmm/m/it/10 <$ \T1/p
hv/m/n/10 T, types::[]void[]_[]t$\OML/cmm/m/it/10 <$ \T1/phv/m/n/10 type-name T
::[]first[]_[]type, type-name T::[]second[]_[]type, 
 []


LaTeX Warning: Reference `structdoctest_1_1detail_1_1is__std__string_3_01_t_00_
01typename_01types_1_1enable__if_3_01types_2de037c573a46121f59eca8f5b5a731f' on
 page 6 undefined on input line 98.


Underfull \hbox (badness 879) in paragraph at lines 98--98
 [][] \T1/phv/m/n/10 doctest::[]detail::[]is[]_[]std[]_[]string$\OML/cmm/m/it/1
0 <$ \T1/phv/m/n/10 T, type-name types::[]enable[]_[]if$\OML/cmm/m/it/10 <$ \T1
/phv/m/n/10 types::[]is[]_[]same$\OML/cmm/m/it/10 <$ \T1/phv/m/n/10 decltype(de
clval$\OML/cmm/m/it/10 <$ 
 []

[6]

LaTeX Warning: Reference `structdoctest_1_1detail_1_1types_1_1is__array_3_01_t_
0f_s_i_z_e_0e_4' on page 7 undefined on input line 99.


LaTeX Warning: Reference `structdoctest_1_1detail_1_1types_1_1is__pointer_3_01_
t_01_5_01_4' on page 7 undefined on input line 100.


LaTeX Warning: Reference `structdoctest_1_1detail_1_1types_1_1is__rvalue__refer
ence_3_01_t_01_6_6_01_4' on page 7 undefined on input line 101.


LaTeX Warning: Reference `structdoctest_1_1detail_1_1types_1_1is__same_3_01_t_0
0_01_t_01_4' on page 7 undefined on input line 102.


LaTeX Warning: Reference `classstd_1_1tuple' on page 7 undefined on input line 
104.


LaTeX Warning: Reference `structdoctest_1_1detail_1_1types_1_1underlying__type'
 on page 7 undefined on input line 105.


LaTeX Warning: Reference `class_zmogus' on page 7 undefined on input line 106.


LaTeX Warning: Reference `class_studentas' on page 7 undefined on input line 10
8.

) [7] [8

]
Chapter 4.
(annotated.tex

LaTeX Warning: Reference `structdoctest_1_1_approx' on page 9 undefined on inpu
t line 3.


LaTeX Warning: Reference `structdoctest_1_1_assert_data' on page 9 undefined on
 input line 4.


LaTeX Warning: Reference `classstd_1_1basic__istream' on page 9 undefined on in
put line 5.


LaTeX Warning: Reference `classstd_1_1basic__ostream' on page 9 undefined on in
put line 6.


LaTeX Warning: Reference `structstd_1_1char__traits' on page 9 undefined on inp
ut line 7.


LaTeX Warning: Reference `classdoctest_1_1_contains' on page 9 undefined on inp
ut line 8.


LaTeX Warning: Reference `classdoctest_1_1_context' on page 9 undefined on inpu
t line 9.


LaTeX Warning: Reference `structdoctest_1_1_context_options' on page 9 undefine
d on input line 10.


LaTeX Warning: Reference `classdoctest_1_1detail_1_1_context_scope' on page 9 u
ndefined on input line 11.


LaTeX Warning: Reference `structdoctest_1_1detail_1_1_context_scope_base' on pa
ge 9 undefined on input line 12.


LaTeX Warning: Reference `structdoctest_1_1_current_test_case_stats' on page 9 
undefined on input line 13.


LaTeX Warning: Reference `structdoctest_1_1detail_1_1deferred__false' on page 9
 undefined on input line 14.


LaTeX Warning: Reference `structdoctest_1_1detail_1_1types_1_1enable__if' on pa
ge 9 undefined on input line 15.


LaTeX Warning: Reference `structdoctest_1_1detail_1_1types_1_1enable__if_3_01tr
ue_00_01_t_01_4' on page 9 undefined on input line 16.


LaTeX Warning: Reference `classdoctest_1_1detail_1_1_exception_translator' on p
age 9 undefined on input line 17.


LaTeX Warning: Reference `structdoctest_1_1detail_1_1_expression__lhs' on page 
9 undefined on input line 18.


LaTeX Warning: Reference `structdoctest_1_1detail_1_1_expression_decomposer' on
 page 9 undefined on input line 19.


LaTeX Warning: Reference `structdoctest_1_1detail_1_1types_1_1false__type' on p
age 9 undefined on input line 20.


LaTeX Warning: Reference `structdoctest_1_1detail_1_1filldata' on page 9 undefi
ned on input line 21.


LaTeX Warning: Reference `structdoctest_1_1detail_1_1filldata_3_01const_01char_
0f_n_0e_4' on page 9 undefined on input line 22.


LaTeX Warning: Reference `structdoctest_1_1detail_1_1filldata_3_01const_01void_
01_5_01_4' on page 9 undefined on input line 23.


LaTeX Warning: Reference `structdoctest_1_1detail_1_1filldata_3_01const_01volat
ile_01void_01_5_01_4' on page 9 undefined on input line 24.


LaTeX Warning: Reference `structdoctest_1_1detail_1_1filldata_3_01_t_01_5_01_4'
 on page 9 undefined on input line 25.


LaTeX Warning: Reference `structdoctest_1_1detail_1_1filldata_3_01_t_00_01typen
ame_01detail_1_1types_1_1enable__if_3_01_9d9dcd4a078e0a95b0118a6aa265dbba06' on
 page 9 undefined on input line 26.


LaTeX Warning: Reference `structdoctest_1_1detail_1_1filldata_3_01_t_00_01typen
ame_01detail_1_1types_1_1enable__if_3_9detaa8666b81badacc32033ad72bded95b8c' on
 page 9 undefined on input line 27.


LaTeX Warning: Reference `structdoctest_1_1detail_1_1filldata_3_01_t_0f_n_0e_4'
 on page 9 undefined on input line 28.


LaTeX Warning: Reference `structdoctest_1_1detail_1_1has__insertion__operator' 
on page 9 undefined on input line 29.


LaTeX Warning: Reference `structdoctest_1_1detail_1_1has__insertion__operator_3
_01_t_00_01decltype_07operator_3_3_07declvab094f732977dc5a8a6181e0b8269a776' on
 page 9 undefined on input line 30.


LaTeX Warning: Reference `structdoctest_1_1_i_context_scope' on page 9 undefine
d on input line 31.


LaTeX Warning: Reference `structdoctest_1_1detail_1_1_i_exception_translator' o
n page 9 undefined on input line 32.


LaTeX Warning: Reference `structdoctest_1_1_i_reporter' on page 9 undefined on 
input line 33.


LaTeX Warning: Reference `structdoctest_1_1detail_1_1types_1_1is__array' on pag
e 9 undefined on input line 34.


LaTeX Warning: Reference `structdoctest_1_1detail_1_1types_1_1is__array_3_01_t_
0f_s_i_z_e_0e_4' on page 9 undefined on input line 35.


LaTeX Warning: Reference `structdoctest_1_1detail_1_1is__container' on page 9 u
ndefined on input line 36.


LaTeX Warning: Reference `structdoctest_1_1detail_1_1is__container_3_01_t_00_01
types_1_1void__t_3_01typename_01_t_1_1valueb97f805f821edcbb0eec78032ce8a7ca' on
 page 9 undefined on input line 37.


Underfull \hbox (badness 10000) in paragraph at lines 37--37
 [][] [][]\T1/phv/m/n/10 doctest::[]detail::[]is[]_[]container$\OML/cmm/m/it/10
 <$ \T1/phv/m/n/10 T, types::[]void[]_[]t$\OML/cmm/m/it/10 <$ \T1/phv/m/n/10 ty
pe-name T::[]value[]_[]type, type-name T::[]iterator, 
 []

[9]

LaTeX Warning: Reference `structdoctest_1_1detail_1_1types_1_1is__enum' on page
 10 undefined on input line 38.


LaTeX Warning: Reference `structdoctest_1_1detail_1_1is__pair' on page 10 undef
ined on input line 39.


LaTeX Warning: Reference `structdoctest_1_1detail_1_1is__pair_3_01_t_00_01types
_1_1void__t_3_01typename_01_t_1_1first__typ97ed414dfe36750d42ae446dcf1a18f4' on
 page 10 undefined on input line 40.


Overfull \hbox (19.3693pt too wide) in paragraph at lines 40--40
 [][] [][]\T1/phv/m/n/10 doctest::[]detail::[]is[]_[]pair$\OML/cmm/m/it/10 <$ \
T1/phv/m/n/10 T, types::[]void[]_[]t$\OML/cmm/m/it/10 <$ \T1/phv/m/n/10 type-na
me T::[]first[]_[]type, type-name T::[]second[]_[]type, decltype(declval$\OML/c
mm/m/it/10 <$ 
 []


LaTeX Warning: Reference `structdoctest_1_1detail_1_1types_1_1is__pointer' on p
age 10 undefined on input line 41.


LaTeX Warning: Reference `structdoctest_1_1detail_1_1types_1_1is__pointer_3_01_
t_01_5_01_4' on page 10 undefined on input line 42.


LaTeX Warning: Reference `structdoctest_1_1detail_1_1types_1_1is__rvalue__refer
ence' on page 10 undefined on input line 43.


LaTeX Warning: Reference `structdoctest_1_1detail_1_1types_1_1is__rvalue__refer
ence_3_01_t_01_6_6_01_4' on page 10 undefined on input line 44.


LaTeX Warning: Reference `structdoctest_1_1detail_1_1types_1_1is__same' on page
 10 undefined on input line 45.


LaTeX Warning: Reference `structdoctest_1_1detail_1_1types_1_1is__same_3_01_t_0
0_01_t_01_4' on page 10 undefined on input line 46.


LaTeX Warning: Reference `structdoctest_1_1detail_1_1is__std__string' on page 1
0 undefined on input line 47.


LaTeX Warning: Reference `structdoctest_1_1detail_1_1is__std__string_3_01_t_00_
01typename_01types_1_1enable__if_3_01types_2de037c573a46121f59eca8f5b5a731f' on
 page 10 undefined on input line 48.


LaTeX Warning: Reference `structdoctest_1_1_is_na_n' on page 10 undefined on in
put line 49.


LaTeX Warning: Reference `structdoctest_1_1detail_1_1_message_builder' on page 
10 undefined on input line 50.


LaTeX Warning: Reference `structdoctest_1_1_message_data' on page 10 undefined 
on input line 51.


LaTeX Warning: Reference `structdoctest_1_1_query_data' on page 10 undefined on
 input line 52.


LaTeX Warning: Reference `structdoctest_1_1detail_1_1_relational_comparator' on
 page 10 undefined on input line 53.


LaTeX Warning: Reference `structdoctest_1_1detail_1_1types_1_1remove__const' on
 page 10 undefined on input line 54.


LaTeX Warning: Reference `structdoctest_1_1detail_1_1types_1_1remove__const_3_0
1const_01_t_01_4' on page 10 undefined on input line 55.


LaTeX Warning: Reference `structdoctest_1_1detail_1_1types_1_1remove__reference
' on page 10 undefined on input line 56.


LaTeX Warning: Reference `structdoctest_1_1detail_1_1types_1_1remove__reference
_3_01_t_01_6_01_4' on page 10 undefined on input line 57.


LaTeX Warning: Reference `structdoctest_1_1detail_1_1types_1_1remove__reference
_3_01_t_01_6_6_01_4' on page 10 undefined on input line 58.


LaTeX Warning: Reference `structdoctest_1_1detail_1_1_result' on page 10 undefi
ned on input line 59.


LaTeX Warning: Reference `structdoctest_1_1detail_1_1_result_builder' on page 1
0 undefined on input line 60.


LaTeX Warning: Reference `structdoctest_1_1detail_1_1should__stringify__as__und
erlying__type' on page 10 undefined on input line 61.


LaTeX Warning: Reference `classdoctest_1_1_string' on page 10 undefined on inpu
t line 62.


LaTeX Warning: Reference `classdoctest_1_1_assert_data_1_1_string_contains' on 
page 10 undefined on input line 63.


LaTeX Warning: Reference `structdoctest_1_1_string_maker' on page 10 undefined 
on input line 64.


LaTeX Warning: Reference `structdoctest_1_1detail_1_1_string_maker_base' on pag
e 10 undefined on input line 65.


LaTeX Warning: Reference `structdoctest_1_1detail_1_1_string_maker_base_3_01tru
e_01_4' on page 10 undefined on input line 66.


LaTeX Warning: Reference `class_studentas' on page 10 undefined on input line 6
7.


LaTeX Warning: Reference `structdoctest_1_1detail_1_1_subcase' on page 10 undef
ined on input line 68.


LaTeX Warning: Reference `structdoctest_1_1_subcase_signature' on page 10 undef
ined on input line 69.


LaTeX Warning: Reference `structdoctest_1_1detail_1_1_test_case' on page 10 und
efined on input line 70.


LaTeX Warning: Reference `structdoctest_1_1_test_case_data' on page 10 undefine
d on input line 71.


LaTeX Warning: Reference `structdoctest_1_1_test_case_exception' on page 10 und
efined on input line 72.


LaTeX Warning: Reference `structdoctest_1_1detail_1_1_test_failure_exception' o
n page 10 undefined on input line 73.


LaTeX Warning: Reference `structdoctest_1_1_test_run_stats' on page 10 undefine
d on input line 74.


LaTeX Warning: Reference `structdoctest_1_1detail_1_1_test_suite' on page 10 un
defined on input line 75.


LaTeX Warning: Reference `class_timer' on page 10 undefined on input line 76.


LaTeX Warning: Reference `structdoctest_1_1detail_1_1types_1_1true__type' on pa
ge 10 undefined on input line 77.


LaTeX Warning: Reference `classstd_1_1tuple' on page 10 undefined on input line
 78.


LaTeX Warning: Reference `structdoctest_1_1detail_1_1types_1_1underlying__type'
 on page 10 undefined on input line 79.


LaTeX Warning: Reference `class_zmogus' on page 10 undefined on input line 80.

) [10]
Chapter 5.
(files.tex

LaTeX Warning: Reference `student_8h' on page 11 undefined on input line 3.


LaTeX Warning: Reference `student__io__deque_8h' on page 11 undefined on input 
line 4.


LaTeX Warning: Reference `student__io__list_8h' on page 11 undefined on input l
ine 5.


LaTeX Warning: Reference `student__io__vector_8h' on page 11 undefined on input
 line 6.


LaTeX Warning: Reference `timer_8h' on page 11 undefined on input line 7.


LaTeX Warning: Reference `utils_8h' on page 11 undefined on input line 8.


LaTeX Warning: Reference `zmogus_8h' on page 11 undefined on input line 9.


LaTeX Warning: Reference `io__deque_8cpp' on page 11 undefined on input line 10
.


LaTeX Warning: Reference `io__list_8cpp' on page 11 undefined on input line 11.



LaTeX Warning: Reference `io__vector_8cpp' on page 11 undefined on input line 1
2.


LaTeX Warning: Reference `main__deque_8cpp' on page 11 undefined on input line 
13.


LaTeX Warning: Reference `main__list_8cpp' on page 11 undefined on input line 1
4.


LaTeX Warning: Reference `main__vector_8cpp' on page 11 undefined on input line
 15.


LaTeX Warning: Reference `student_8cpp' on page 11 undefined on input line 16.


LaTeX Warning: Reference `utils_8cpp' on page 11 undefined on input line 17.


LaTeX Warning: Reference `doctest_8h' on page 11 undefined on input line 18.


LaTeX Warning: Reference `test__studentas_8cpp' on page 11 undefined on input l
ine 19.

) [11

] [12

]
Chapter 6.
(dir_d44c64559bbebec7f509842c48db8b23.tex
LaTeX Font Info:    Trying to load font information for TS1+phv on input line 6
.

(C:\Users\Jakub\AppData\Local\Programs\MiKTeX\tex/latex/psnfss\ts1phv.fd
File: ts1phv.fd 2020/03/25 scalable font definitions for TS1/phv.
)
LaTeX Font Info:    Font shape `TS1/phv/m/n' will be
(Font)              scaled to size 8.99994pt on input line 6.
LaTeX Font Info:    Font shape `T1/phv/m/n' will be
(Font)              scaled to size 8.09995pt on input line 7.
LaTeX Font Info:    Font shape `T1/phv/m/it' in size <9> not available
(Font)              Font shape `T1/phv/m/sl' tried instead on input line 7.
LaTeX Font Info:    Font shape `T1/phv/m/sl' will be
(Font)              scaled to size 8.09995pt on input line 7.
)
(dir_68267d1309a1af8e8297ef4c3efbcdba.tex)
(dir_59425e443f801f1f2fd8bbe4959a3ccf.tex) [13] [14

]
Chapter 7.
(namespacedoctest.tex
LaTeX Font Info:    Font shape `T1/phv/m/n' will be
(Font)              scaled to size 7.19995pt on input line 73.
 [15] [16]
LaTeX Font Info:    Font shape `T1/phv/b/n' will be
(Font)              scaled to size 10.79993pt on input line 178.
LaTeX Font Info:    Trying to load font information for T1+pcr on input line 18
2.

(C:\Users\Jakub\AppData\Local\Programs\MiKTeX\tex/latex/psnfss\t1pcr.fd
File: t1pcr.fd 2001/06/04 font definitions for T1/pcr.
)
LaTeX Font Info:    Font shape `T1/pcr/m/it' in size <8> not available
(Font)              Font shape `T1/pcr/m/sl' tried instead on input line 194.
LaTeX Font Info:    Font shape `T1/phv/b/n' will be
(Font)              scaled to size 7.19995pt on input line 198.

[17] [18] [19]
LaTeX Font Info:    Font shape `T1/pcr/m/it' in size <7> not available
(Font)              Font shape `T1/pcr/m/sl' tried instead on input line 333.
 [20]
Overfull \hbox (30.1898pt too wide) in paragraph at lines 395--397
\T1/pcr/m/n/8 template$\OML/cmm/m/it/8 <$\T1/pcr/m/n/8 typename T, typename []$
\OML/cmm/m/it/8 <$\T1/pcr/m/n/8 ![]$\OML/cmm/m/it/8 <$
 []

[21] [22]) (namespacedoctest_1_1assert_type.tex
Overfull \hbox (30.06743pt too wide) in paragraph at lines 6--84
[] \T1/phv/m/n/10 = is[]_[]throws[]_[]with $\OMS/cmsy/m/n/10 j$ \T1/phv/m/n/10 
is[]_[]throws[]_[]as $\OMS/cmsy/m/n/10 j$ \T1/phv/m/n/10 is[]_[]check , []
 []


Underfull \hbox (badness 2772) in paragraph at lines 6--84
\T1/phv/m/n/10 = is[]_[]throws[]_[]with $\OMS/cmsy/m/n/10 j$ \T1/phv/m/n/10 is[
]_[]throws[]_[]as $\OMS/cmsy/m/n/10 j$ \T1/phv/m/n/10 is[]_[]require , [] = is[
]_[]nothrow $\OMS/cmsy/m/n/10 j$ \T1/phv/m/n/10 is[]_[]warn ,
 []


Underfull \hbox (badness 1127) in paragraph at lines 6--84
[] \T1/phv/m/n/10 = is[]_[]normal $\OMS/cmsy/m/n/10 j$ \T1/phv/m/n/10 is[]_[]ne
 $\OMS/cmsy/m/n/10 j$ \T1/phv/m/n/10 is[]_[]warn , [] = is[]_[]normal $\OMS/cms
y/m/n/10 j$ \T1/phv/m/n/10 is[]_[]ne $\OMS/cmsy/m/n/10 j$ \T1/phv/m/n/10 is[]_[
]check ,
 []


Underfull \hbox (badness 772) in paragraph at lines 6--84
[] \T1/phv/m/n/10 = is[]_[]normal $\OMS/cmsy/m/n/10 j$ \T1/phv/m/n/10 is[]_[]lt
 $\OMS/cmsy/m/n/10 j$ \T1/phv/m/n/10 is[]_[]require , [] = is[]_[]normal $\OMS/
cmsy/m/n/10 j$ \T1/phv/m/n/10 is[]_[]ge $\OMS/cmsy/m/n/10 j$ \T1/phv/m/n/10 is[
]_[]warn ,
 []


Underfull \hbox (badness 1831) in paragraph at lines 6--84
[] \T1/phv/m/n/10 = is[]_[]normal $\OMS/cmsy/m/n/10 j$ \T1/phv/m/n/10 is[]_[]le
 $\OMS/cmsy/m/n/10 j$ \T1/phv/m/n/10 is[]_[]warn , [] = is[]_[]normal $\OMS/cms
y/m/n/10 j$ \T1/phv/m/n/10 is[]_[]le $\OMS/cmsy/m/n/10 j$ \T1/phv/m/n/10 is[]_[
]check ,
 []


Underfull \hbox (badness 845) in paragraph at lines 6--84
[] \T1/phv/m/n/10 = is[]_[]normal $\OMS/cmsy/m/n/10 j$ \T1/phv/m/n/10 is[]_[]un
ary $\OMS/cmsy/m/n/10 j$ \T1/phv/m/n/10 is[]_[]check , [] = is[]_[]normal $\OMS
/cmsy/m/n/10 j$ \T1/phv/m/n/10 is[]
 []


Underfull \hbox (badness 2970) in paragraph at lines 6--84
\T1/phv/m/n/10 _[]unary $\OMS/cmsy/m/n/10 j$ \T1/phv/m/n/10 is[]_[]require , []
 = is[]_[]normal $\OMS/cmsy/m/n/10 j$ \T1/phv/m/n/10 is[]_[]false $\OMS/cmsy/m/
n/10 j$ \T1/phv/m/n/10 is[]_[]unary $\OMS/cmsy/m/n/10 j$ \T1/phv/m/n/10 is[]_[]
warn ,
 []

[23] [24] [25]) (namespacedoctest_1_1_color.tex [26])
(namespacedoctest_1_1detail.tex [27]
Underfull \hbox (badness 7722) in paragraph at lines 51--53
[]\T1/phv/m/n/10 struct [][]filldata$\OML/cmm/m/it/10 <$ \T1/phv/m/n/10 T, type
-name detail::[]types::[]enable[]_[]if$\OML/cmm/m/it/10 <$ \T1/phv/m/n/10 !deta
il::[]has[]_[]insertion[]_[]operator$\OML/cmm/m/it/10 <$ \T1/phv/m/n/10 T $\OML
/cmm/m/it/10 >$\T1/phv/m/n/10 ::[]value
 []


Underfull \hbox (badness 2126) in paragraph at lines 97--99
[] \T1/phv/m/n/10 T && [] (type-name []$\OML/cmm/m/it/10 <$ \T1/phv/m/n/10 T $\
OML/cmm/m/it/10 >$\T1/phv/m/n/10 ::[]type &t)
 []


Underfull \hbox (badness 1168) in paragraph at lines 99--101
[] \T1/phv/m/n/10 T && [] (type-name []$\OML/cmm/m/it/10 <$ \T1/phv/m/n/10 T $\
OML/cmm/m/it/10 >$\T1/phv/m/n/10 ::[]type &&t)
 []

[28]
Overfull \hbox (21.82623pt too wide) in paragraph at lines 111--113
[] [] \T1/phv/m/n/10 (const [](L) lhs, const char $\OMS/cmsy/m/n/10 ^^C$\T1/phv
/m/n/10 op, const [](R)
 []

[29] [30] [31] [32])
(namespacedoctest_1_1detail_1_1binary_assert_comparison.tex [33])
(namespacedoctest_1_1detail_1_1types.tex)
(namespacedoctest_1_1_test_case_failure_reason.tex [34])
(namespacedoctest__detail__test__suite__ns.tex
Underfull \hbox (badness 10000) in paragraph at lines 17--18
[] [] \T1/pcr/m/n/8 & doctest[]_[]detail[]_[]test[]_[]suite[]_[]ns::[]get[]Curr
ent[]Test[]
 []

) (namespacestd.tex [35]) [36]
Chapter 8.
(structdoctest_1_1_approx.tex [37

] [38] [39])
(structdoctest_1_1_assert_data.tex
Package epstopdf Info: Source file: <structdoctest_1_1_assert_data.eps>
(epstopdf)                    date: 2026-05-14 22:39:13
(epstopdf)                    size: 3840 bytes
(epstopdf)             Output file: <structdoctest_1_1_assert_data-eps-converte
d-to.pdf>
(epstopdf)             Command: <miktex-epstopdf --outfile=structdoctest_1_1_as
sert_data-eps-converted-to.pdf structdoctest_1_1_assert_data.eps>
(epstopdf)             \includegraphics on input line 10.
runsystem(miktex-epstopdf --outfile=structdoctest_1_1_assert_data-eps-converted
-to.pdf structdoctest_1_1_assert_data.eps)...executed safely (allowed).

Package epstopdf Info: Result file: <structdoctest_1_1_assert_data-eps-converte
d-to.pdf>
(epstopdf)                    date: 2026-05-14 22:51:45
(epstopdf)                    size: 5928 bytes.
 <./structdoctest_1_1_assert_data-eps-converted-to.pdf>
<structdoctest_1_1_assert_data-eps-converted-to.pdf, id=2368, 501.875pt x 228.8
55pt>
File: structdoctest_1_1_assert_data-eps-converted-to.pdf Graphic file (type pdf
)
<use structdoctest_1_1_assert_data-eps-converted-to.pdf>
Package pdftex.def Info: structdoctest_1_1_assert_data-eps-converted-to.pdf  us
ed on input line 10.
(pdftex.def)             Requested size: 124.78687pt x 56.9055pt.
 [40]
Underfull \hbox (badness 10000) in paragraph at lines 88--89
\T1/pcr/m/n/8 class [] [] doctest::[][]Assert[]Data::[]m[]_[]exception[]
 []

[41]) (classstd_1_1basic__istream.tex) (classstd_1_1basic__ostream.tex)
(structstd_1_1char__traits.tex [42]) (classdoctest_1_1_contains.tex)
(classdoctest_1_1_context.tex [43] [44] [45])
(structdoctest_1_1_context_options.tex [46] [47] [48] [49] [50])
(classdoctest_1_1detail_1_1_context_scope.tex
Package epstopdf Info: Source file: <classdoctest_1_1detail_1_1_context_scope.e
ps>
(epstopdf)                    date: 2026-05-14 22:39:14
(epstopdf)                    size: 4011 bytes
(epstopdf)             Output file: <classdoctest_1_1detail_1_1_context_scope-e
ps-converted-to.pdf>
(epstopdf)             Command: <miktex-epstopdf --outfile=classdoctest_1_1deta
il_1_1_context_scope-eps-converted-to.pdf classdoctest_1_1detail_1_1_context_sc
ope.eps>
(epstopdf)             \includegraphics on input line 10.
runsystem(miktex-epstopdf --outfile=classdoctest_1_1detail_1_1_context_scope-ep
s-converted-to.pdf classdoctest_1_1detail_1_1_context_scope.eps)...executed saf
ely (allowed).

Package epstopdf Info: Result file: <classdoctest_1_1detail_1_1_context_scope-e
ps-converted-to.pdf>
(epstopdf)                    date: 2026-05-14 22:51:45
(epstopdf)                    size: 6368 bytes.
 <./classdoctest_1_1detail_1_1_context_scope-eps-converted-to.pdf>
<classdoctest_1_1detail_1_1_context_scope-eps-converted-to.pdf, id=2845, 501.87
5pt x 286.06876pt>
File: classdoctest_1_1detail_1_1_context_scope-eps-converted-to.pdf Graphic fil
e (type pdf)
<use classdoctest_1_1detail_1_1_context_scope-eps-converted-to.pdf>
Package pdftex.def Info: classdoctest_1_1detail_1_1_context_scope-eps-converted
-to.pdf  used on input line 10.
(pdftex.def)             Requested size: 149.7519pt x 85.35826pt.
 [51] [52])
(structdoctest_1_1detail_1_1_context_scope_base.tex
Package epstopdf Info: Source file: <structdoctest_1_1detail_1_1_context_scope_
base.eps>
(epstopdf)                    date: 2026-05-14 22:39:14
(epstopdf)                    size: 4011 bytes
(epstopdf)             Output file: <structdoctest_1_1detail_1_1_context_scope_
base-eps-converted-to.pdf>
(epstopdf)             Command: <miktex-epstopdf --outfile=structdoctest_1_1det
ail_1_1_context_scope_base-eps-converted-to.pdf structdoctest_1_1detail_1_1_con
text_scope_base.eps>
(epstopdf)             \includegraphics on input line 10.
runsystem(miktex-epstopdf --outfile=structdoctest_1_1detail_1_1_context_scope_b
ase-eps-converted-to.pdf structdoctest_1_1detail_1_1_context_scope_base.eps)...
executed safely (allowed).

Package epstopdf Info: Result file: <structdoctest_1_1detail_1_1_context_scope_
base-eps-converted-to.pdf>
(epstopdf)                    date: 2026-05-14 22:51:46
(epstopdf)                    size: 6367 bytes.
 <./structdoctest_1_1detail_1_1_context_scope_base-eps-converted-to.pdf>
<structdoctest_1_1detail_1_1_context_scope_base-eps-converted-to.pdf, id=2981, 
501.875pt x 286.06876pt>
File: structdoctest_1_1detail_1_1_context_scope_base-eps-converted-to.pdf Graph
ic file (type pdf)
<use structdoctest_1_1detail_1_1_context_scope_base-eps-converted-to.pdf>
Package pdftex.def Info: structdoctest_1_1detail_1_1_context_scope_base-eps-con
verted-to.pdf  used on input line 10.
(pdftex.def)             Requested size: 149.7519pt x 85.35826pt.
 [53] [54])
(structdoctest_1_1_current_test_case_stats.tex [55])
(structdoctest_1_1detail_1_1deferred__false.tex
Package epstopdf Info: Source file: <structdoctest_1_1detail_1_1deferred__false
.eps>
(epstopdf)                    date: 2026-05-14 22:39:13
(epstopdf)                    size: 3882 bytes
(epstopdf)             Output file: <structdoctest_1_1detail_1_1deferred__false
-eps-converted-to.pdf>
(epstopdf)             Command: <miktex-epstopdf --outfile=structdoctest_1_1det
ail_1_1deferred__false-eps-converted-to.pdf structdoctest_1_1detail_1_1deferred
__false.eps>
(epstopdf)             \includegraphics on input line 10.
runsystem(miktex-epstopdf --outfile=structdoctest_1_1detail_1_1deferred__false-
eps-converted-to.pdf structdoctest_1_1detail_1_1deferred__false.eps)...executed
 safely (allowed).

Package epstopdf Info: Result file: <structdoctest_1_1detail_1_1deferred__false
-eps-converted-to.pdf>
(epstopdf)                    date: 2026-05-14 22:51:46
(epstopdf)                    size: 5859 bytes.
 <./structdoctest_1_1detail_1_1deferred__false-eps-converted-to.pdf>
<structdoctest_1_1detail_1_1deferred__false-eps-converted-to.pdf, id=3083, 501.
875pt x 186.6975pt>
File: structdoctest_1_1detail_1_1deferred__false-eps-converted-to.pdf Graphic f
ile (type pdf)
<use structdoctest_1_1detail_1_1deferred__false-eps-converted-to.pdf>
Package pdftex.def Info: structdoctest_1_1detail_1_1deferred__false-eps-convert
ed-to.pdf  used on input line 10.
(pdftex.def)             Requested size: 152.96826pt x 56.9055pt.
)
(structdoctest_1_1detail_1_1types_1_1enable__if.tex [56])
(structdoctest_1_1detail_1_1types_1_1enable__if_3_01true_00_01_t_01_4.tex)
(classdoctest_1_1detail_1_1_exception_translator.tex
Package epstopdf Info: Source file: <classdoctest_1_1detail_1_1_exception_trans
lator.eps>
(epstopdf)                    date: 2026-05-14 22:39:14
(epstopdf)                    size: 3898 bytes
(epstopdf)             Output file: <classdoctest_1_1detail_1_1_exception_trans
lator-eps-converted-to.pdf>
(epstopdf)             Command: <miktex-epstopdf --outfile=classdoctest_1_1deta
il_1_1_exception_translator-eps-converted-to.pdf classdoctest_1_1detail_1_1_exc
eption_translator.eps>
(epstopdf)             \includegraphics on input line 10.
runsystem(miktex-epstopdf --outfile=classdoctest_1_1detail_1_1_exception_transl
ator-eps-converted-to.pdf classdoctest_1_1detail_1_1_exception_translator.eps).
..executed safely (allowed).

Package epstopdf Info: Result file: <classdoctest_1_1detail_1_1_exception_trans
lator-eps-converted-to.pdf>
(epstopdf)                    date: 2026-05-14 22:51:47
(epstopdf)                    size: 6062 bytes.
 <./classdoctest_1_1detail_1_1_exception_translator-eps-converted-to.pdf>
<classdoctest_1_1detail_1_1_exception_translator-eps-converted-to.pdf, id=3125,
 501.875pt x 164.615pt>
File: classdoctest_1_1detail_1_1_exception_translator-eps-converted-to.pdf Grap
hic file (type pdf)
<use classdoctest_1_1detail_1_1_exception_translator-eps-converted-to.pdf>
Package pdftex.def Info: classdoctest_1_1detail_1_1_exception_translator-eps-co
nverted-to.pdf  used on input line 10.
(pdftex.def)             Requested size: 173.49167pt x 56.9055pt.
 [57])
(structdoctest_1_1detail_1_1_expression__lhs.tex [58])
(structdoctest_1_1detail_1_1_expression_decomposer.tex [59]
Underfull \hbox (badness 10000) in paragraph at lines 48--50
\T1/pcr/m/n/8 template$\OML/cmm/m/it/8 <$\T1/pcr/m/n/8 typename L, typename []$
\OML/cmm/m/it/8 <$\T1/pcr/m/n/8 ![]$\OML/cmm/m/it/8 <$
 []

) (structdoctest_1_1detail_1_1types_1_1false__type.tex
Package epstopdf Info: Source file: <structdoctest_1_1detail_1_1types_1_1false_
_type.eps>
(epstopdf)                    date: 2026-05-14 22:39:14
(epstopdf)                    size: 7428 bytes
(epstopdf)             Output file: <structdoctest_1_1detail_1_1types_1_1false_
_type-eps-converted-to.pdf>
(epstopdf)             Command: <miktex-epstopdf --outfile=structdoctest_1_1det
ail_1_1types_1_1false__type-eps-converted-to.pdf structdoctest_1_1detail_1_1typ
es_1_1false__type.eps>
(epstopdf)             \includegraphics on input line 10.
runsystem(miktex-epstopdf --outfile=structdoctest_1_1detail_1_1types_1_1false__
type-eps-converted-to.pdf structdoctest_1_1detail_1_1types_1_1false__type.eps).
..executed safely (allowed).

Package epstopdf Info: Result file: <structdoctest_1_1detail_1_1types_1_1false_
_type-eps-converted-to.pdf>
(epstopdf)                    date: 2026-05-14 22:51:47
(epstopdf)                    size: 9439 bytes.
 <./structdoctest_1_1detail_1_1types_1_1false__type-eps-converted-to.pdf>
<structdoctest_1_1detail_1_1types_1_1false__type-eps-converted-to.pdf, id=3277,
 501.875pt x 140.525pt>
File: structdoctest_1_1detail_1_1types_1_1false__type-eps-converted-to.pdf Grap
hic file (type pdf)
<use structdoctest_1_1detail_1_1types_1_1false__type-eps-converted-to.pdf>
Package pdftex.def Info: structdoctest_1_1detail_1_1types_1_1false__type-eps-co
nverted-to.pdf  used on input line 10.
(pdftex.def)             Requested size: 397.93958pt x 111.42317pt.
 [60])
(structdoctest_1_1detail_1_1filldata.tex)
(structdoctest_1_1detail_1_1filldata_3_01const_01char_0f_n_0e_4.tex [61])
(structdoctest_1_1detail_1_1filldata_3_01const_01void_01_5_01_4.tex)
(structdoctest_1_1detail_1_1filldata_3_01const_01volatile_01void_01_5_01_4.tex
[62]) (structdoctest_1_1detail_1_1filldata_3_01_t_01_5_01_4.tex)
(structdoctest_1_1detail_1_1filldata_3_01_t_00_01typename_01detail_1_1types_1_1
enable__if_3_01_9d9dcd4a078e0a95b0118a6aa265dbba06.tex
Overfull \hbox (39.78981pt too wide) in paragraph at lines 21--23
\T1/pcr/m/n/8 void []$\OML/cmm/m/it/8 <$ \T1/pcr/m/n/8 T, typename []$\OML/cmm/
m/it/8 <$ \T1/pcr/m/n/8 ![]$\OML/cmm/m/it/8 <$
 []

[63])
(structdoctest_1_1detail_1_1filldata_3_01_t_00_01typename_01detail_1_1types_1_1
enable__if_3_9detaa8666b81badacc32033ad72bded95b8c.tex
Overfull \hbox (34.9898pt too wide) in paragraph at lines 21--23
\T1/pcr/m/n/8 void []$\OML/cmm/m/it/8 <$ \T1/pcr/m/n/8 T, typename []$\OML/cmm/
m/it/8 <$\T1/pcr/m/n/8 ![]$\OML/cmm/m/it/8 <$
 []

) (structdoctest_1_1detail_1_1filldata_3_01_t_0f_n_0e_4.tex [64])
(structdoctest_1_1detail_1_1has__insertion__operator.tex
Package epstopdf Info: Source file: <structdoctest_1_1detail_1_1has__insertion_
_operator.eps>
(epstopdf)                    date: 2026-05-14 22:39:13
(epstopdf)                    size: 3918 bytes
(epstopdf)             Output file: <structdoctest_1_1detail_1_1has__insertion_
_operator-eps-converted-to.pdf>
(epstopdf)             Command: <miktex-epstopdf --outfile=structdoctest_1_1det
ail_1_1has__insertion__operator-eps-converted-to.pdf structdoctest_1_1detail_1_
1has__insertion__operator.eps>
(epstopdf)             \includegraphics on input line 10.
runsystem(miktex-epstopdf --outfile=structdoctest_1_1detail_1_1has__insertion__
operator-eps-converted-to.pdf structdoctest_1_1detail_1_1has__insertion__operat
or.eps)...executed safely (allowed).

Package epstopdf Info: Result file: <structdoctest_1_1detail_1_1has__insertion_
_operator-eps-converted-to.pdf>
(epstopdf)                    date: 2026-05-14 22:51:48
(epstopdf)                    size: 6367 bytes.
 <./structdoctest_1_1detail_1_1has__insertion__operator-eps-converted-to.pdf>
<structdoctest_1_1detail_1_1has__insertion__operator-eps-converted-to.pdf, id=3
485, 501.875pt x 123.46124pt>
File: structdoctest_1_1detail_1_1has__insertion__operator-eps-converted-to.pdf 
Graphic file (type pdf)
<use structdoctest_1_1detail_1_1has__insertion__operator-eps-converted-to.pdf>
Package pdftex.def Info: structdoctest_1_1detail_1_1has__insertion__operator-ep
s-converted-to.pdf  used on input line 10.
(pdftex.def)             Requested size: 231.32477pt x 56.9055pt.
)
(structdoctest_1_1detail_1_1has__insertion__operator_3_01_t_00_01decltype_07ope
rator_3_3_07declvab094f732977dc5a8a6181e0b8269a776.tex
Package epstopdf Info: Source file: <structdoctest_1_1detail_1_1has__insertion_
_operator_3_01_t_00_01decltype_07operator_3_3_07declvab094f732977dc5a8a6181e0b8
269a776.eps>
(epstopdf)                    date: 2026-05-14 22:39:13
(epstopdf)                    size: 4247 bytes
(epstopdf)             Output file: <structdoctest_1_1detail_1_1has__insertion_
_operator_3_01_t_00_01decltype_07operator_3_3_07declvab094f732977dc5a8a6181e0b8
269a776-eps-converted-to.pdf>
(epstopdf)             Command: <miktex-epstopdf --outfile=structdoctest_1_1det
ail_1_1has__insertion__operator_3_01_t_00_01decltype_07operator_3_3_07declvab09
4f732977dc5a8a6181e0b8269a776-eps-converted-to.pdf structdoctest_1_1detail_1_1h
as__insertion__operator_3_01_t_00_01decltype_07operator_3_3_07declvab094f732977
dc5a8a6181e0b8269a776.eps>
(epstopdf)             \includegraphics on input line 10.
runsystem(miktex-epstopdf --outfile=structdoctest_1_1detail_1_1has__insertion__
operator_3_01_t_00_01decltype_07operator_3_3_07declvab094f732977dc5a8a6181e0b82
69a776-eps-converted-to.pdf structdoctest_1_1detail_1_1has__insertion__operator
_3_01_t_00_01decltype_07operator_3_3_07declvab094f732977dc5a8a6181e0b8269a776.e
ps)...executed safely (allowed).

Package epstopdf Info: Result file: <structdoctest_1_1detail_1_1has__insertion_
_operator_3_01_t_00_01decltype_07operator_3_3_07declvab094f732977dc5a8a6181e0b8
269a776-eps-converted-to.pdf>
(epstopdf)                    date: 2026-05-14 22:51:49
(epstopdf)                    size: 7114 bytes.
 <./structdoctest_1_1detail_1_1has__insertion__operator_3_01_t_00_01decltype_07
operator_3_3_07declvab094f732977dc5a8a6181e0b8269a776-eps-converted-to.pdf>
<structdoctest_1_1detail_1_1has__insertion__operator_3_01_t_00_01decltype_07ope
rator_3_3_07declvab094f732977dc5a8a6181e0b8269a776-eps-converted-to.pdf, id=350
0, 501.875pt x 28.105pt>
File: structdoctest_1_1detail_1_1has__insertion__operator_3_01_t_00_01decltype_
07operator_3_3_07declvab094f732977dc5a8a6181e0b8269a776-eps-converted-to.pdf Gr
aphic file (type pdf)
<use structdoctest_1_1detail_1_1has__insertion__operator_3_01_t_00_01decltype_0
7operator_3_3_07declvab094f732977dc5a8a6181e0b8269a776-eps-converted-to.pdf>
Package pdftex.def Info: structdoctest_1_1detail_1_1has__insertion__operator_3_
01_t_00_01decltype_07operator_3_3_07declvab094f732977dc5a8a6181e0b8269a776-eps-
converted-to.pdf  used on input line 10.
(pdftex.def)             Requested size: 392.47177pt x 21.97733pt.
 [65])
(structdoctest_1_1_i_context_scope.tex
Package epstopdf Info: Source file: <structdoctest_1_1_i_context_scope.eps>
(epstopdf)                    date: 2026-05-14 22:39:13
(epstopdf)                    size: 4011 bytes
(epstopdf)             Output file: <structdoctest_1_1_i_context_scope-eps-conv
erted-to.pdf>
(epstopdf)             Command: <miktex-epstopdf --outfile=structdoctest_1_1_i_
context_scope-eps-converted-to.pdf structdoctest_1_1_i_context_scope.eps>
(epstopdf)             \includegraphics on input line 10.
runsystem(miktex-epstopdf --outfile=structdoctest_1_1_i_context_scope-eps-conve
rted-to.pdf structdoctest_1_1_i_context_scope.eps)...executed safely (allowed).

Package epstopdf Info: Result file: <structdoctest_1_1_i_context_scope-eps-conv
erted-to.pdf>
(epstopdf)                    date: 2026-05-14 22:51:49
(epstopdf)                    size: 6364 bytes.
 <./structdoctest_1_1_i_context_scope-eps-converted-to.pdf>
<structdoctest_1_1_i_context_scope-eps-converted-to.pdf, id=3536, 501.875pt x 2
86.06876pt>
File: structdoctest_1_1_i_context_scope-eps-converted-to.pdf Graphic file (type
 pdf)
<use structdoctest_1_1_i_context_scope-eps-converted-to.pdf>
Package pdftex.def Info: structdoctest_1_1_i_context_scope-eps-converted-to.pdf
  used on input line 10.
(pdftex.def)             Requested size: 149.7519pt x 85.35826pt.
) (structdoctest_1_1detail_1_1_i_exception_translator.tex
[66]
Package epstopdf Info: Source file: <structdoctest_1_1detail_1_1_i_exception_tr
anslator.eps>
(epstopdf)                    date: 2026-05-14 22:39:14
(epstopdf)                    size: 3898 bytes
(epstopdf)             Output file: <structdoctest_1_1detail_1_1_i_exception_tr
anslator-eps-converted-to.pdf>
(epstopdf)             Command: <miktex-epstopdf --outfile=structdoctest_1_1det
ail_1_1_i_exception_translator-eps-converted-to.pdf structdoctest_1_1detail_1_1
_i_exception_translator.eps>
(epstopdf)             \includegraphics on input line 10.
runsystem(miktex-epstopdf --outfile=structdoctest_1_1detail_1_1_i_exception_tra
nslator-eps-converted-to.pdf structdoctest_1_1detail_1_1_i_exception_translator
.eps)...executed safely (allowed).

Package epstopdf Info: Result file: <structdoctest_1_1detail_1_1_i_exception_tr
anslator-eps-converted-to.pdf>
(epstopdf)                    date: 2026-05-14 22:51:50
(epstopdf)                    size: 6063 bytes.
 <./structdoctest_1_1detail_1_1_i_exception_translator-eps-converted-to.pdf>
<structdoctest_1_1detail_1_1_i_exception_translator-eps-converted-to.pdf, id=35
67, 501.875pt x 164.615pt>
File: structdoctest_1_1detail_1_1_i_exception_translator-eps-converted-to.pdf G
raphic file (type pdf)
<use structdoctest_1_1detail_1_1_i_exception_translator-eps-converted-to.pdf>
Package pdftex.def Info: structdoctest_1_1detail_1_1_i_exception_translator-eps
-converted-to.pdf  used on input line 10.
(pdftex.def)             Requested size: 173.49167pt x 56.9055pt.
) (structdoctest_1_1_i_reporter.tex [67] [68] [69])
(structdoctest_1_1detail_1_1types_1_1is__array.tex
Package epstopdf Info: Source file: <structdoctest_1_1detail_1_1types_1_1is__ar
ray.eps>
(epstopdf)                    date: 2026-05-14 22:39:14
(epstopdf)                    size: 3884 bytes
(epstopdf)             Output file: <structdoctest_1_1detail_1_1types_1_1is__ar
ray-eps-converted-to.pdf>
(epstopdf)             Command: <miktex-epstopdf --outfile=structdoctest_1_1det
ail_1_1types_1_1is__array-eps-converted-to.pdf structdoctest_1_1detail_1_1types
_1_1is__array.eps>
(epstopdf)             \includegraphics on input line 10.
runsystem(miktex-epstopdf --outfile=structdoctest_1_1detail_1_1types_1_1is__arr
ay-eps-converted-to.pdf structdoctest_1_1detail_1_1types_1_1is__array.eps)...ex
ecuted safely (allowed).

Package epstopdf Info: Result file: <structdoctest_1_1detail_1_1types_1_1is__ar
ray-eps-converted-to.pdf>
(epstopdf)                    date: 2026-05-14 22:51:50
(epstopdf)                    size: 5861 bytes.
 <./structdoctest_1_1detail_1_1types_1_1is__array-eps-converted-to.pdf>
<structdoctest_1_1detail_1_1types_1_1is__array-eps-converted-to.pdf, id=3721, 5
01.875pt x 186.6975pt>
File: structdoctest_1_1detail_1_1types_1_1is__array-eps-converted-to.pdf Graphi
c file (type pdf)
<use structdoctest_1_1detail_1_1types_1_1is__array-eps-converted-to.pdf>
Package pdftex.def Info: structdoctest_1_1detail_1_1types_1_1is__array-eps-conv
erted-to.pdf  used on input line 10.
(pdftex.def)             Requested size: 152.96826pt x 56.9055pt.
)
(structdoctest_1_1detail_1_1types_1_1is__array_3_01_t_0f_s_i_z_e_0e_4.tex
Package epstopdf Info: Source file: <structdoctest_1_1detail_1_1types_1_1is__ar
ray_3_01_t_0f_s_i_z_e_0e_4.eps>
(epstopdf)                    date: 2026-05-14 22:39:14
(epstopdf)                    size: 4058 bytes
(epstopdf)             Output file: <structdoctest_1_1detail_1_1types_1_1is__ar
ray_3_01_t_0f_s_i_z_e_0e_4-eps-converted-to.pdf>
(epstopdf)             Command: <miktex-epstopdf --outfile=structdoctest_1_1det
ail_1_1types_1_1is__array_3_01_t_0f_s_i_z_e_0e_4-eps-converted-to.pdf structdoc
test_1_1detail_1_1types_1_1is__array_3_01_t_0f_s_i_z_e_0e_4.eps>
(epstopdf)             \includegraphics on input line 10.
runsystem(miktex-epstopdf --outfile=structdoctest_1_1detail_1_1types_1_1is__arr
ay_3_01_t_0f_s_i_z_e_0e_4-eps-converted-to.pdf structdoctest_1_1detail_1_1types
_1_1is__array_3_01_t_0f_s_i_z_e_0e_4.eps)...executed safely (allowed).

Package epstopdf Info: Result file: <structdoctest_1_1detail_1_1types_1_1is__ar
ray_3_01_t_0f_s_i_z_e_0e_4-eps-converted-to.pdf>
(epstopdf)                    date: 2026-05-14 22:51:51
(epstopdf)                    size: 6642 bytes.
 <./structdoctest_1_1detail_1_1types_1_1is__array_3_01_t_0f_s_i_z_e_0e_4-eps-co
nverted-to.pdf>
<structdoctest_1_1detail_1_1types_1_1is__array_3_01_t_0f_s_i_z_e_0e_4-eps-conve
rted-to.pdf, id=3736, 501.875pt x 82.3075pt>
File: structdoctest_1_1detail_1_1types_1_1is__array_3_01_t_0f_s_i_z_e_0e_4-eps-
converted-to.pdf Graphic file (type pdf)
<use structdoctest_1_1detail_1_1types_1_1is__array_3_01_t_0f_s_i_z_e_0e_4-eps-c
onverted-to.pdf>
Package pdftex.def Info: structdoctest_1_1detail_1_1types_1_1is__array_3_01_t_0
f_s_i_z_e_0e_4-eps-converted-to.pdf  used on input line 10.
(pdftex.def)             Requested size: 346.991pt x 56.9055pt.
 [70]) (structdoctest_1_1detail_1_1is__container.tex
Package epstopdf Info: Source file: <structdoctest_1_1detail_1_1is__container.e
ps>
(epstopdf)                    date: 2026-05-14 22:39:13
(epstopdf)                    size: 3898 bytes
(epstopdf)             Output file: <structdoctest_1_1detail_1_1is__container-e
ps-converted-to.pdf>
(epstopdf)             Command: <miktex-epstopdf --outfile=structdoctest_1_1det
ail_1_1is__container-eps-converted-to.pdf structdoctest_1_1detail_1_1is__contai
ner.eps>
(epstopdf)             \includegraphics on input line 10.
runsystem(miktex-epstopdf --outfile=structdoctest_1_1detail_1_1is__container-ep
s-converted-to.pdf structdoctest_1_1detail_1_1is__container.eps)...executed saf
ely (allowed).

Package epstopdf Info: Result file: <structdoctest_1_1detail_1_1is__container-e
ps-converted-to.pdf>
(epstopdf)                    date: 2026-05-14 22:51:51
(epstopdf)                    size: 6245 bytes.
 <./structdoctest_1_1detail_1_1is__container-eps-converted-to.pdf>
<structdoctest_1_1detail_1_1is__container-eps-converted-to.pdf, id=3769, 501.87
5pt x 151.56625pt>
File: structdoctest_1_1detail_1_1is__container-eps-converted-to.pdf Graphic fil
e (type pdf)
<use structdoctest_1_1detail_1_1is__container-eps-converted-to.pdf>
Package pdftex.def Info: structdoctest_1_1detail_1_1is__container-eps-converted
-to.pdf  used on input line 10.
(pdftex.def)             Requested size: 188.43239pt x 56.9055pt.
)
(structdoctest_1_1detail_1_1is__container_3_01_t_00_01types_1_1void__t_3_01type
name_01_t_1_1valueb97f805f821edcbb0eec78032ce8a7ca.tex
Package epstopdf Info: Source file: <structdoctest_1_1detail_1_1is__container_3
_01_t_00_01types_1_1void__t_3_01typename_01_t_1_1valueb97f805f821edcbb0eec78032
ce8a7ca.eps>
(epstopdf)                    date: 2026-05-14 22:39:13
(epstopdf)                    size: 4323 bytes
(epstopdf)             Output file: <structdoctest_1_1detail_1_1is__container_3
_01_t_00_01types_1_1void__t_3_01typename_01_t_1_1valueb97f805f821edcbb0eec78032
ce8a7ca-eps-converted-to.pdf>
(epstopdf)             Command: <miktex-epstopdf --outfile=structdoctest_1_1det
ail_1_1is__container_3_01_t_00_01types_1_1void__t_3_01typename_01_t_1_1valueb97
f805f821edcbb0eec78032ce8a7ca-eps-converted-to.pdf structdoctest_1_1detail_1_1i
s__container_3_01_t_00_01types_1_1void__t_3_01typename_01_t_1_1valueb97f805f821
edcbb0eec78032ce8a7ca.eps>
(epstopdf)             \includegraphics on input line 10.
runsystem(miktex-epstopdf --outfile=structdoctest_1_1detail_1_1is__container_3_
01_t_00_01types_1_1void__t_3_01typename_01_t_1_1valueb97f805f821edcbb0eec78032c
e8a7ca-eps-converted-to.pdf structdoctest_1_1detail_1_1is__container_3_01_t_00_
01types_1_1void__t_3_01typename_01_t_1_1valueb97f805f821edcbb0eec78032ce8a7ca.e
ps)...executed safely (allowed).

Package epstopdf Info: Result file: <structdoctest_1_1detail_1_1is__container_3
_01_t_00_01types_1_1void__t_3_01typename_01_t_1_1valueb97f805f821edcbb0eec78032
ce8a7ca-eps-converted-to.pdf>
(epstopdf)                    date: 2026-05-14 22:51:52
(epstopdf)                    size: 7114 bytes.
 <./structdoctest_1_1detail_1_1is__container_3_01_t_00_01types_1_1void__t_3_01t
ypename_01_t_1_1valueb97f805f821edcbb0eec78032ce8a7ca-eps-converted-to.pdf>
<structdoctest_1_1detail_1_1is__container_3_01_t_00_01types_1_1void__t_3_01type
name_01_t_1_1valueb97f805f821edcbb0eec78032ce8a7ca-eps-converted-to.pdf, id=378
4, 501.875pt x 22.0825pt>
File: structdoctest_1_1detail_1_1is__container_3_01_t_00_01types_1_1void__t_3_0
1typename_01_t_1_1valueb97f805f821edcbb0eec78032ce8a7ca-eps-converted-to.pdf Gr
aphic file (type pdf)
<use structdoctest_1_1detail_1_1is__container_3_01_t_00_01types_1_1void__t_3_01
typename_01_t_1_1valueb97f805f821edcbb0eec78032ce8a7ca-eps-converted-to.pdf>
Package pdftex.def Info: structdoctest_1_1detail_1_1is__container_3_01_t_00_01t
ypes_1_1void__t_3_01typename_01_t_1_1valueb97f805f821edcbb0eec78032ce8a7ca-eps-
converted-to.pdf  used on input line 10.
(pdftex.def)             Requested size: 393.19162pt x 17.30019pt.
 [71])
(structdoctest_1_1detail_1_1types_1_1is__enum.tex)
(structdoctest_1_1detail_1_1is__pair.tex
Package epstopdf Info: Source file: <structdoctest_1_1detail_1_1is__pair.eps>
(epstopdf)                    date: 2026-05-14 22:39:13
(epstopdf)                    size: 3888 bytes
(epstopdf)             Output file: <structdoctest_1_1detail_1_1is__pair-eps-co
nverted-to.pdf>
(epstopdf)             Command: <miktex-epstopdf --outfile=structdoctest_1_1det
ail_1_1is__pair-eps-converted-to.pdf structdoctest_1_1detail_1_1is__pair.eps>
(epstopdf)             \includegraphics on input line 10.
runsystem(miktex-epstopdf --outfile=structdoctest_1_1detail_1_1is__pair-eps-con
verted-to.pdf structdoctest_1_1detail_1_1is__pair.eps)...executed safely (allow
ed).

Package epstopdf Info: Result file: <structdoctest_1_1detail_1_1is__pair-eps-co
nverted-to.pdf>
(epstopdf)                    date: 2026-05-14 22:51:52
(epstopdf)                    size: 6230 bytes.
 <./structdoctest_1_1detail_1_1is__pair-eps-converted-to.pdf>
<structdoctest_1_1detail_1_1is__pair-eps-converted-to.pdf, id=3829, 501.875pt x
 171.64125pt>
File: structdoctest_1_1detail_1_1is__pair-eps-converted-to.pdf Graphic file (ty
pe pdf)
<use structdoctest_1_1detail_1_1is__pair-eps-converted-to.pdf>
Package pdftex.def Info: structdoctest_1_1detail_1_1is__pair-eps-converted-to.p
df  used on input line 10.
(pdftex.def)             Requested size: 166.38506pt x 56.9055pt.
)
(structdoctest_1_1detail_1_1is__pair_3_01_t_00_01types_1_1void__t_3_01typename_
01_t_1_1first__typ97ed414dfe36750d42ae446dcf1a18f4.tex [72]
Package epstopdf Info: Source file: <structdoctest_1_1detail_1_1is__pair_3_01_t
_00_01types_1_1void__t_3_01typename_01_t_1_1first__typ97ed414dfe36750d42ae446dc
f1a18f4.eps>
(epstopdf)                    date: 2026-05-14 22:39:13
(epstopdf)                    size: 4309 bytes
(epstopdf)             Output file: <structdoctest_1_1detail_1_1is__pair_3_01_t
_00_01types_1_1void__t_3_01typename_01_t_1_1first__typ97ed414dfe36750d42ae446dc
f1a18f4-eps-converted-to.pdf>
(epstopdf)             Command: <miktex-epstopdf --outfile=structdoctest_1_1det
ail_1_1is__pair_3_01_t_00_01types_1_1void__t_3_01typename_01_t_1_1first__typ97e
d414dfe36750d42ae446dcf1a18f4-eps-converted-to.pdf structdoctest_1_1detail_1_1i
s__pair_3_01_t_00_01types_1_1void__t_3_01typename_01_t_1_1first__typ97ed414dfe3
6750d42ae446dcf1a18f4.eps>
(epstopdf)             \includegraphics on input line 10.
runsystem(miktex-epstopdf --outfile=structdoctest_1_1detail_1_1is__pair_3_01_t_
00_01types_1_1void__t_3_01typename_01_t_1_1first__typ97ed414dfe36750d42ae446dcf
1a18f4-eps-converted-to.pdf structdoctest_1_1detail_1_1is__pair_3_01_t_00_01typ
es_1_1void__t_3_01typename_01_t_1_1first__typ97ed414dfe36750d42ae446dcf1a18f4.e
ps)...executed safely (allowed).

Package epstopdf Info: Result file: <structdoctest_1_1detail_1_1is__pair_3_01_t
_00_01types_1_1void__t_3_01typename_01_t_1_1first__typ97ed414dfe36750d42ae446dc
f1a18f4-eps-converted-to.pdf>
(epstopdf)                    date: 2026-05-14 22:51:53
(epstopdf)                    size: 6782 bytes.
 <./structdoctest_1_1detail_1_1is__pair_3_01_t_00_01types_1_1void__t_3_01typena
me_01_t_1_1first__typ97ed414dfe36750d42ae446dcf1a18f4-eps-converted-to.pdf>
<structdoctest_1_1detail_1_1is__pair_3_01_t_00_01types_1_1void__t_3_01typename_
01_t_1_1first__typ97ed414dfe36750d42ae446dcf1a18f4-eps-converted-to.pdf, id=385
9, 501.875pt x 23.08624pt>
File: structdoctest_1_1detail_1_1is__pair_3_01_t_00_01types_1_1void__t_3_01type
name_01_t_1_1first__typ97ed414dfe36750d42ae446dcf1a18f4-eps-converted-to.pdf Gr
aphic file (type pdf)
<use structdoctest_1_1detail_1_1is__pair_3_01_t_00_01types_1_1void__t_3_01typen
ame_01_t_1_1first__typ97ed414dfe36750d42ae446dcf1a18f4-eps-converted-to.pdf>
Package pdftex.def Info: structdoctest_1_1detail_1_1is__pair_3_01_t_00_01types_
1_1void__t_3_01typename_01_t_1_1first__typ97ed414dfe36750d42ae446dcf1a18f4-eps-
converted-to.pdf  used on input line 10.
(pdftex.def)             Requested size: 382.31728pt x 17.58673pt.
)
(structdoctest_1_1detail_1_1types_1_1is__pointer.tex
Package epstopdf Info: Source file: <structdoctest_1_1detail_1_1types_1_1is__po
inter.eps>
(epstopdf)                    date: 2026-05-14 22:39:14
(epstopdf)                    size: 3888 bytes
(epstopdf)             Output file: <structdoctest_1_1detail_1_1types_1_1is__po
inter-eps-converted-to.pdf>
(epstopdf)             Command: <miktex-epstopdf --outfile=structdoctest_1_1det
ail_1_1types_1_1is__pointer-eps-converted-to.pdf structdoctest_1_1detail_1_1typ
es_1_1is__pointer.eps>
(epstopdf)             \includegraphics on input line 10.
runsystem(miktex-epstopdf --outfile=structdoctest_1_1detail_1_1types_1_1is__poi
nter-eps-converted-to.pdf structdoctest_1_1detail_1_1types_1_1is__pointer.eps).
..executed safely (allowed).

Package epstopdf Info: Result file: <structdoctest_1_1detail_1_1types_1_1is__po
inter-eps-converted-to.pdf>
(epstopdf)                    date: 2026-05-14 22:51:54
(epstopdf)                    size: 5979 bytes.
 <./structdoctest_1_1detail_1_1types_1_1is__pointer-eps-converted-to.pdf>
<structdoctest_1_1detail_1_1types_1_1is__pointer-eps-converted-to.pdf, id=3880,
 501.875pt x 179.67125pt>
File: structdoctest_1_1detail_1_1types_1_1is__pointer-eps-converted-to.pdf Grap
hic file (type pdf)
<use structdoctest_1_1detail_1_1types_1_1is__pointer-eps-converted-to.pdf>
Package pdftex.def Info: structdoctest_1_1detail_1_1types_1_1is__pointer-eps-co
nverted-to.pdf  used on input line 10.
(pdftex.def)             Requested size: 158.94914pt x 56.9055pt.
)
(structdoctest_1_1detail_1_1types_1_1is__pointer_3_01_t_01_5_01_4.tex

Package fancyhdr Warning: \headheight is too small (12.0pt): 
(fancyhdr)                Make it at least 22.16548pt, for example:
(fancyhdr)                \setlength{\headheight}{22.16548pt}.
(fancyhdr)                You might also make \topmargin smaller:
(fancyhdr)                \addtolength{\topmargin}{-10.16548pt}.

[73]
Package epstopdf Info: Source file: <structdoctest_1_1detail_1_1types_1_1is__po
inter_3_01_t_01_5_01_4.eps>
(epstopdf)                    date: 2026-05-14 22:39:14
(epstopdf)                    size: 4056 bytes
(epstopdf)             Output file: <structdoctest_1_1detail_1_1types_1_1is__po
inter_3_01_t_01_5_01_4-eps-converted-to.pdf>
(epstopdf)             Command: <miktex-epstopdf --outfile=structdoctest_1_1det
ail_1_1types_1_1is__pointer_3_01_t_01_5_01_4-eps-converted-to.pdf structdoctest
_1_1detail_1_1types_1_1is__pointer_3_01_t_01_5_01_4.eps>
(epstopdf)             \includegraphics on input line 10.
runsystem(miktex-epstopdf --outfile=structdoctest_1_1detail_1_1types_1_1is__poi
nter_3_01_t_01_5_01_4-eps-converted-to.pdf structdoctest_1_1detail_1_1types_1_1
is__pointer_3_01_t_01_5_01_4.eps)...executed safely (allowed).

Package epstopdf Info: Result file: <structdoctest_1_1detail_1_1types_1_1is__po
inter_3_01_t_01_5_01_4-eps-converted-to.pdf>
(epstopdf)                    date: 2026-05-14 22:51:54
(epstopdf)                    size: 6412 bytes.
 <./structdoctest_1_1detail_1_1types_1_1is__pointer_3_01_t_01_5_01_4-eps-conver
ted-to.pdf>
<structdoctest_1_1detail_1_1types_1_1is__pointer_3_01_t_01_5_01_4-eps-converted
-to.pdf, id=3908, 501.875pt x 85.31876pt>
File: structdoctest_1_1detail_1_1types_1_1is__pointer_3_01_t_01_5_01_4-eps-conv
erted-to.pdf Graphic file (type pdf)
<use structdoctest_1_1detail_1_1types_1_1is__pointer_3_01_t_01_5_01_4-eps-conve
rted-to.pdf>
Package pdftex.def Info: structdoctest_1_1detail_1_1types_1_1is__pointer_3_01_t
_01_5_01_4-eps-converted-to.pdf  used on input line 10.
(pdftex.def)             Requested size: 334.74586pt x 56.9055pt.
) (structdoctest_1_1detail_1_1types_1_1is__rvalue__reference.tex
Package epstopdf Info: Source file: <structdoctest_1_1detail_1_1types_1_1is__rv
alue__reference.eps>
(epstopdf)                    date: 2026-05-14 22:39:14
(epstopdf)                    size: 3906 bytes
(epstopdf)             Output file: <structdoctest_1_1detail_1_1types_1_1is__rv
alue__reference-eps-converted-to.pdf>
(epstopdf)             Command: <miktex-epstopdf --outfile=structdoctest_1_1det
ail_1_1types_1_1is__rvalue__reference-eps-converted-to.pdf structdoctest_1_1det
ail_1_1types_1_1is__rvalue__reference.eps>
(epstopdf)             \includegraphics on input line 10.
runsystem(miktex-epstopdf --outfile=structdoctest_1_1detail_1_1types_1_1is__rva
lue__reference-eps-converted-to.pdf structdoctest_1_1detail_1_1types_1_1is__rva
lue__reference.eps)...executed safely (allowed).

Package epstopdf Info: Result file: <structdoctest_1_1detail_1_1types_1_1is__rv
alue__reference-eps-converted-to.pdf>
(epstopdf)                    date: 2026-05-14 22:51:55
(epstopdf)                    size: 6211 bytes.
 <./structdoctest_1_1detail_1_1types_1_1is__rvalue__reference-eps-converted-to.
pdf>
<structdoctest_1_1detail_1_1types_1_1is__rvalue__reference-eps-converted-to.pdf
, id=3929, 501.875pt x 141.52875pt>
File: structdoctest_1_1detail_1_1types_1_1is__rvalue__reference-eps-converted-t
o.pdf Graphic file (type pdf)
<use structdoctest_1_1detail_1_1types_1_1is__rvalue__reference-eps-converted-to
.pdf>
Package pdftex.def Info: structdoctest_1_1detail_1_1types_1_1is__rvalue__refere
nce-eps-converted-to.pdf  used on input line 10.
(pdftex.def)             Requested size: 201.78792pt x 56.9055pt.
 [74])
(structdoctest_1_1detail_1_1types_1_1is__rvalue__reference_3_01_t_01_6_6_01_4.t
ex
Package epstopdf Info: Source file: <structdoctest_1_1detail_1_1types_1_1is__rv
alue__reference_3_01_t_01_6_6_01_4.eps>
(epstopdf)                    date: 2026-05-14 22:39:14
(epstopdf)                    size: 4076 bytes
(epstopdf)             Output file: <structdoctest_1_1detail_1_1types_1_1is__rv
alue__reference_3_01_t_01_6_6_01_4-eps-converted-to.pdf>
(epstopdf)             Command: <miktex-epstopdf --outfile=structdoctest_1_1det
ail_1_1types_1_1is__rvalue__reference_3_01_t_01_6_6_01_4-eps-converted-to.pdf s
tructdoctest_1_1detail_1_1types_1_1is__rvalue__reference_3_01_t_01_6_6_01_4.eps
>
(epstopdf)             \includegraphics on input line 10.
runsystem(miktex-epstopdf --outfile=structdoctest_1_1detail_1_1types_1_1is__rva
lue__reference_3_01_t_01_6_6_01_4-eps-converted-to.pdf structdoctest_1_1detail_
1_1types_1_1is__rvalue__reference_3_01_t_01_6_6_01_4.eps)...executed safely (al
lowed).

Package epstopdf Info: Result file: <structdoctest_1_1detail_1_1types_1_1is__rv
alue__reference_3_01_t_01_6_6_01_4-eps-converted-to.pdf>
(epstopdf)                    date: 2026-05-14 22:51:55
(epstopdf)                    size: 6510 bytes.
 <./structdoctest_1_1detail_1_1types_1_1is__rvalue__reference_3_01_t_01_6_6_01_
4-eps-converted-to.pdf>
<structdoctest_1_1detail_1_1types_1_1is__rvalue__reference_3_01_t_01_6_6_01_4-e
ps-converted-to.pdf, id=3957, 501.875pt x 66.2475pt>
File: structdoctest_1_1detail_1_1types_1_1is__rvalue__reference_3_01_t_01_6_6_0
1_4-eps-converted-to.pdf Graphic file (type pdf)
<use structdoctest_1_1detail_1_1types_1_1is__rvalue__reference_3_01_t_01_6_6_01
_4-eps-converted-to.pdf>
Package pdftex.def Info: structdoctest_1_1detail_1_1types_1_1is__rvalue__refere
nce_3_01_t_01_6_6_01_4-eps-converted-to.pdf  used on input line 10.
(pdftex.def)             Requested size: 393.19162pt x 51.90057pt.
) (structdoctest_1_1detail_1_1types_1_1is__same.tex
Package epstopdf Info: Source file: <structdoctest_1_1detail_1_1types_1_1is__sa
me.eps>
(epstopdf)                    date: 2026-05-14 22:39:14
(epstopdf)                    size: 3888 bytes
(epstopdf)             Output file: <structdoctest_1_1detail_1_1types_1_1is__sa
me-eps-converted-to.pdf>
(epstopdf)             Command: <miktex-epstopdf --outfile=structdoctest_1_1det
ail_1_1types_1_1is__same-eps-converted-to.pdf structdoctest_1_1detail_1_1types_
1_1is__same.eps>
(epstopdf)             \includegraphics on input line 10.
runsystem(miktex-epstopdf --outfile=structdoctest_1_1detail_1_1types_1_1is__sam
e-eps-converted-to.pdf structdoctest_1_1detail_1_1types_1_1is__same.eps)...exec
uted safely (allowed).

Package epstopdf Info: Result file: <structdoctest_1_1detail_1_1types_1_1is__sa
me-eps-converted-to.pdf>
(epstopdf)                    date: 2026-05-14 22:51:56
(epstopdf)                    size: 6131 bytes.
 <./structdoctest_1_1detail_1_1types_1_1is__same-eps-converted-to.pdf>
<structdoctest_1_1detail_1_1types_1_1is__same-eps-converted-to.pdf, id=3978, 50
1.875pt x 174.6525pt>
File: structdoctest_1_1detail_1_1types_1_1is__same-eps-converted-to.pdf Graphic
 file (type pdf)
<use structdoctest_1_1detail_1_1types_1_1is__same-eps-converted-to.pdf>
Package pdftex.def Info: structdoctest_1_1detail_1_1types_1_1is__same-eps-conve
rted-to.pdf  used on input line 10.
(pdftex.def)             Requested size: 163.52097pt x 56.9055pt.
 [75])
(structdoctest_1_1detail_1_1types_1_1is__same_3_01_t_00_01_t_01_4.tex
Package epstopdf Info: Source file: <structdoctest_1_1detail_1_1types_1_1is__sa
me_3_01_t_00_01_t_01_4.eps>
(epstopdf)                    date: 2026-05-14 22:39:14
(epstopdf)                    size: 4052 bytes
(epstopdf)             Output file: <structdoctest_1_1detail_1_1types_1_1is__sa
me_3_01_t_00_01_t_01_4-eps-converted-to.pdf>
(epstopdf)             Command: <miktex-epstopdf --outfile=structdoctest_1_1det
ail_1_1types_1_1is__same_3_01_t_00_01_t_01_4-eps-converted-to.pdf structdoctest
_1_1detail_1_1types_1_1is__same_3_01_t_00_01_t_01_4.eps>
(epstopdf)             \includegraphics on input line 10.
runsystem(miktex-epstopdf --outfile=structdoctest_1_1detail_1_1types_1_1is__sam
e_3_01_t_00_01_t_01_4-eps-converted-to.pdf structdoctest_1_1detail_1_1types_1_1
is__same_3_01_t_00_01_t_01_4.eps)...executed safely (allowed).

Package epstopdf Info: Result file: <structdoctest_1_1detail_1_1types_1_1is__sa
me_3_01_t_00_01_t_01_4-eps-converted-to.pdf>
(epstopdf)                    date: 2026-05-14 22:51:56
(epstopdf)                    size: 6310 bytes.
 <./structdoctest_1_1detail_1_1types_1_1is__same_3_01_t_00_01_t_01_4-eps-conver
ted-to.pdf>
<structdoctest_1_1detail_1_1types_1_1is__same_3_01_t_00_01_t_01_4-eps-converted
-to.pdf, id=4006, 501.875pt x 87.32625pt>
File: structdoctest_1_1detail_1_1types_1_1is__same_3_01_t_00_01_t_01_4-eps-conv
erted-to.pdf Graphic file (type pdf)
<use structdoctest_1_1detail_1_1types_1_1is__same_3_01_t_00_01_t_01_4-eps-conve
rted-to.pdf>
Package pdftex.def Info: structdoctest_1_1detail_1_1types_1_1is__same_3_01_t_00
_01_t_01_4-eps-converted-to.pdf  used on input line 10.
(pdftex.def)             Requested size: 327.04959pt x 56.9055pt.
) (structdoctest_1_1detail_1_1is__std__string.tex
Package epstopdf Info: Source file: <structdoctest_1_1detail_1_1is__std__string
.eps>
(epstopdf)                    date: 2026-05-14 22:39:13
(epstopdf)                    size: 3896 bytes
(epstopdf)             Output file: <structdoctest_1_1detail_1_1is__std__string
-eps-converted-to.pdf>
(epstopdf)             Command: <miktex-epstopdf --outfile=structdoctest_1_1det
ail_1_1is__std__string-eps-converted-to.pdf structdoctest_1_1detail_1_1is__std_
_string.eps>
(epstopdf)             \includegraphics on input line 10.
runsystem(miktex-epstopdf --outfile=structdoctest_1_1detail_1_1is__std__string-
eps-converted-to.pdf structdoctest_1_1detail_1_1is__std__string.eps)...executed
 safely (allowed).

Package epstopdf Info: Result file: <structdoctest_1_1detail_1_1is__std__string
-eps-converted-to.pdf>
(epstopdf)                    date: 2026-05-14 22:51:57
(epstopdf)                    size: 6513 bytes.
 <./structdoctest_1_1detail_1_1is__std__string-eps-converted-to.pdf>
<structdoctest_1_1detail_1_1is__std__string-eps-converted-to.pdf, id=4027, 501.
875pt x 160.6pt>
File: structdoctest_1_1detail_1_1is__std__string-eps-converted-to.pdf Graphic f
ile (type pdf)
<use structdoctest_1_1detail_1_1is__std__string-eps-converted-to.pdf>
Package pdftex.def Info: structdoctest_1_1detail_1_1is__std__string-eps-convert
ed-to.pdf  used on input line 10.
(pdftex.def)             Requested size: 177.82608pt x 56.9055pt.
 [76])
(structdoctest_1_1detail_1_1is__std__string_3_01_t_00_01typename_01types_1_1ena
ble__if_3_01types_2de037c573a46121f59eca8f5b5a731f.tex
Package epstopdf Info: Source file: <structdoctest_1_1detail_1_1is__std__string
_3_01_t_00_01typename_01types_1_1enable__if_3_01types_2de037c573a46121f59eca8f5
b5a731f.eps>
(epstopdf)                    date: 2026-05-14 22:39:13
(epstopdf)                    size: 4451 bytes
(epstopdf)             Output file: <structdoctest_1_1detail_1_1is__std__string
_3_01_t_00_01typename_01types_1_1enable__if_3_01types_2de037c573a46121f59eca8f5
b5a731f-eps-converted-to.pdf>
(epstopdf)             Command: <miktex-epstopdf --outfile=structdoctest_1_1det
ail_1_1is__std__string_3_01_t_00_01typename_01types_1_1enable__if_3_01types_2de
037c573a46121f59eca8f5b5a731f-eps-converted-to.pdf structdoctest_1_1detail_1_1i
s__std__string_3_01_t_00_01typename_01types_1_1enable__if_3_01types_2de037c573a
46121f59eca8f5b5a731f.eps>
(epstopdf)             \includegraphics on input line 10.
runsystem(miktex-epstopdf --outfile=structdoctest_1_1detail_1_1is__std__string_
3_01_t_00_01typename_01types_1_1enable__if_3_01types_2de037c573a46121f59eca8f5b
5a731f-eps-converted-to.pdf structdoctest_1_1detail_1_1is__std__string_3_01_t_0
0_01typename_01types_1_1enable__if_3_01types_2de037c573a46121f59eca8f5b5a731f.e
ps)...executed safely (allowed).

Package epstopdf Info: Result file: <structdoctest_1_1detail_1_1is__std__string
_3_01_t_00_01typename_01types_1_1enable__if_3_01types_2de037c573a46121f59eca8f5
b5a731f-eps-converted-to.pdf>
(epstopdf)                    date: 2026-05-14 22:51:57
(epstopdf)                    size: 7780 bytes.
 <./structdoctest_1_1detail_1_1is__std__string_3_01_t_00_01typename_01types_1_1
enable__if_3_01types_2de037c573a46121f59eca8f5b5a731f-eps-converted-to.pdf>
<structdoctest_1_1detail_1_1is__std__string_3_01_t_00_01typename_01types_1_1ena
ble__if_3_01types_2de037c573a46121f59eca8f5b5a731f-eps-converted-to.pdf, id=405
5, 501.875pt x 16.06pt>
File: structdoctest_1_1detail_1_1is__std__string_3_01_t_00_01typename_01types_1
_1enable__if_3_01types_2de037c573a46121f59eca8f5b5a731f-eps-converted-to.pdf Gr
aphic file (type pdf)
<use structdoctest_1_1detail_1_1is__std__string_3_01_t_00_01typename_01types_1_
1enable__if_3_01types_2de037c573a46121f59eca8f5b5a731f-eps-converted-to.pdf>
Package pdftex.def Info: structdoctest_1_1detail_1_1is__std__string_3_01_t_00_0
1typename_01types_1_1enable__if_3_01types_2de037c573a46121f59eca8f5b5a731f-eps-
converted-to.pdf  used on input line 10.
(pdftex.def)             Requested size: 386.8891pt x 12.38034pt.

Underfull \hbox (badness 10000) in paragraph at lines 7--12
[]\T1/phv/m/n/10 Inheritance di-a-gram for doctest::[]detail::[]is[]_[]std[]_[]
string$\OML/cmm/m/it/10 <$ \T1/phv/m/n/10 T, type-name types::[]enable[]_[]if$\
OML/cmm/m/it/10 <$ \T1/phv/m/n/10 types::[]is[]_[]same$\OML/cmm/m/it/10 <$
 []

) (structdoctest_1_1_is_na_n.tex

Package fancyhdr Warning: \headheight is too small (12.0pt): 
(fancyhdr)                Make it at least 34.16548pt, for example:
(fancyhdr)                \setlength{\headheight}{34.16548pt}.
(fancyhdr)                You might also make \topmargin smaller:
(fancyhdr)                \addtolength{\topmargin}{-22.16548pt}.

[77]) (structdoctest_1_1detail_1_1_message_builder.tex
Package epstopdf Info: Source file: <structdoctest_1_1detail_1_1_message_builde
r.eps>
(epstopdf)                    date: 2026-05-14 22:39:14
(epstopdf)                    size: 3844 bytes
(epstopdf)             Output file: <structdoctest_1_1detail_1_1_message_builde
r-eps-converted-to.pdf>
(epstopdf)             Command: <miktex-epstopdf --outfile=structdoctest_1_1det
ail_1_1_message_builder-eps-converted-to.pdf structdoctest_1_1detail_1_1_messag
e_builder.eps>
(epstopdf)             \includegraphics on input line 10.
runsystem(miktex-epstopdf --outfile=structdoctest_1_1detail_1_1_message_builder
-eps-converted-to.pdf structdoctest_1_1detail_1_1_message_builder.eps)...execut
ed safely (allowed).

Package epstopdf Info: Result file: <structdoctest_1_1detail_1_1_message_builde
r-eps-converted-to.pdf>
(epstopdf)                    date: 2026-05-14 22:51:58
(epstopdf)                    size: 6027 bytes.
 <./structdoctest_1_1detail_1_1_message_builder-eps-converted-to.pdf>
<structdoctest_1_1detail_1_1_message_builder-eps-converted-to.pdf, id=4115, 501
.875pt x 208.78pt>
File: structdoctest_1_1detail_1_1_message_builder-eps-converted-to.pdf Graphic 
file (type pdf)
<use structdoctest_1_1detail_1_1_message_builder-eps-converted-to.pdf>
Package pdftex.def Info: structdoctest_1_1detail_1_1_message_builder-eps-conver
ted-to.pdf  used on input line 10.
(pdftex.def)             Requested size: 136.78694pt x 56.9055pt.
 [78] [79]
Underfull \hbox (badness 10000) in paragraph at lines 114--116
[] [] \T1/pcr/m/n/8 & doctest::[]detail::[][]Message[]Builder::[]operator$\OML/
cmm/m/it/8 <$$<$
 []

[80]) (structdoctest_1_1_message_data.tex
Package epstopdf Info: Source file: <structdoctest_1_1_message_data.eps>
(epstopdf)                    date: 2026-05-14 22:39:13
(epstopdf)                    size: 3844 bytes
(epstopdf)             Output file: <structdoctest_1_1_message_data-eps-convert
ed-to.pdf>
(epstopdf)             Command: <miktex-epstopdf --outfile=structdoctest_1_1_me
ssage_data-eps-converted-to.pdf structdoctest_1_1_message_data.eps>
(epstopdf)             \includegraphics on input line 10.
runsystem(miktex-epstopdf --outfile=structdoctest_1_1_message_data-eps-converte
d-to.pdf structdoctest_1_1_message_data.eps)...executed safely (allowed).

Package epstopdf Info: Result file: <structdoctest_1_1_message_data-eps-convert
ed-to.pdf>
(epstopdf)                    date: 2026-05-14 22:51:58
(epstopdf)                    size: 6022 bytes.
 <./structdoctest_1_1_message_data-eps-converted-to.pdf>
<structdoctest_1_1_message_data-eps-converted-to.pdf, id=4270, 501.875pt x 208.
78pt>
File: structdoctest_1_1_message_data-eps-converted-to.pdf Graphic file (type pd
f)
<use structdoctest_1_1_message_data-eps-converted-to.pdf>
Package pdftex.def Info: structdoctest_1_1_message_data-eps-converted-to.pdf  u
sed on input line 10.
(pdftex.def)             Requested size: 136.78694pt x 56.9055pt.
 [81]) (structdoctest_1_1_query_data.tex)
(structdoctest_1_1detail_1_1_relational_comparator.tex [82])
(structdoctest_1_1detail_1_1types_1_1remove__const.tex)
(structdoctest_1_1detail_1_1types_1_1remove__const_3_01const_01_t_01_4.tex
[83]) (structdoctest_1_1detail_1_1types_1_1remove__reference.tex)
(structdoctest_1_1detail_1_1types_1_1remove__reference_3_01_t_01_6_01_4.tex
[84])
(structdoctest_1_1detail_1_1types_1_1remove__reference_3_01_t_01_6_6_01_4.tex)
(structdoctest_1_1detail_1_1_result.tex [85])
(structdoctest_1_1detail_1_1_result_builder.tex
Package epstopdf Info: Source file: <structdoctest_1_1detail_1_1_result_builder
.eps>
(epstopdf)                    date: 2026-05-14 22:39:14
(epstopdf)                    size: 3840 bytes
(epstopdf)             Output file: <structdoctest_1_1detail_1_1_result_builder
-eps-converted-to.pdf>
(epstopdf)             Command: <miktex-epstopdf --outfile=structdoctest_1_1det
ail_1_1_result_builder-eps-converted-to.pdf structdoctest_1_1detail_1_1_result_
builder.eps>
(epstopdf)             \includegraphics on input line 10.
runsystem(miktex-epstopdf --outfile=structdoctest_1_1detail_1_1_result_builder-
eps-converted-to.pdf structdoctest_1_1detail_1_1_result_builder.eps)...executed
 safely (allowed).

Package epstopdf Info: Result file: <structdoctest_1_1detail_1_1_result_builder
-eps-converted-to.pdf>
(epstopdf)                    date: 2026-05-14 22:51:59
(epstopdf)                    size: 5926 bytes.
 <./structdoctest_1_1detail_1_1_result_builder-eps-converted-to.pdf>
<structdoctest_1_1detail_1_1_result_builder-eps-converted-to.pdf, id=4449, 501.
875pt x 228.855pt>
File: structdoctest_1_1detail_1_1_result_builder-eps-converted-to.pdf Graphic f
ile (type pdf)
<use structdoctest_1_1detail_1_1_result_builder-eps-converted-to.pdf>
Package pdftex.def Info: structdoctest_1_1detail_1_1_result_builder-eps-convert
ed-to.pdf  used on input line 10.
(pdftex.def)             Requested size: 124.78687pt x 56.9055pt.
 [86]
Overfull \hbox (24.78963pt too wide) in paragraph at lines 22--24
[] \T1/phv/m/n/10 bool [] (const [](L) lhs, const [](R)
 []

[87] [88])
(structdoctest_1_1detail_1_1should__stringify__as__underlying__type.tex)
(classdoctest_1_1_string.tex [89] [90]
Underfull \hbox (badness 10000) in paragraph at lines 121--123
\T1/pcr/m/n/8 template$\OML/cmm/m/it/8 <$\T1/pcr/m/n/8 typename T, typename []$
\OML/cmm/m/it/8 <$ []$<$ \T1/pcr/m/n/8 T $\OML/cmm/m/it/8 >$\T1/pcr/m/n/8 ::[]v
alue,
 []

[91] [92]) (classdoctest_1_1_assert_data_1_1_string_contains.tex [93])
(structdoctest_1_1_string_maker.tex
Package epstopdf Info: Source file: <structdoctest_1_1_string_maker.eps>
(epstopdf)                    date: 2026-05-14 22:39:13
(epstopdf)                    size: 4226 bytes
(epstopdf)             Output file: <structdoctest_1_1_string_maker-eps-convert
ed-to.pdf>
(epstopdf)             Command: <miktex-epstopdf --outfile=structdoctest_1_1_st
ring_maker-eps-converted-to.pdf structdoctest_1_1_string_maker.eps>
(epstopdf)             \includegraphics on input line 10.
runsystem(miktex-epstopdf --outfile=structdoctest_1_1_string_maker-eps-converte
d-to.pdf structdoctest_1_1_string_maker.eps)...executed safely (allowed).

Package epstopdf Info: Result file: <structdoctest_1_1_string_maker-eps-convert
ed-to.pdf>
(epstopdf)                    date: 2026-05-14 22:52:00
(epstopdf)                    size: 7129 bytes.
 <./structdoctest_1_1_string_maker-eps-converted-to.pdf>
<structdoctest_1_1_string_maker-eps-converted-to.pdf, id=4957, 501.875pt x 34.1
275pt>
File: structdoctest_1_1_string_maker-eps-converted-to.pdf Graphic file (type pd
f)
<use structdoctest_1_1_string_maker-eps-converted-to.pdf>
Package pdftex.def Info: structdoctest_1_1_string_maker-eps-converted-to.pdf  u
sed on input line 10.
(pdftex.def)             Requested size: 397.8247pt x 27.05173pt.
 [94]) (structdoctest_1_1detail_1_1_string_maker_base.tex)
(structdoctest_1_1detail_1_1_string_maker_base_3_01true_01_4.tex [95])
(class_studentas.tex
Package epstopdf Info: Source file: <class_studentas.eps>
(epstopdf)                    date: 2026-05-14 22:39:13
(epstopdf)                    size: 3772 bytes
(epstopdf)             Output file: <class_studentas-eps-converted-to.pdf>
(epstopdf)                    date: 2026-05-14 22:34:56
(epstopdf)                    size: 5428 bytes
(epstopdf)             Command: <miktex-epstopdf --outfile=class_studentas-eps-
converted-to.pdf class_studentas.eps>
(epstopdf)             \includegraphics on input line 15.
runsystem(miktex-epstopdf --outfile=class_studentas-eps-converted-to.pdf class_
studentas.eps)...executed safely (allowed).

Package epstopdf Info: Result file: <class_studentas-eps-converted-to.pdf>
(epstopdf)                    date: 2026-05-14 22:52:00
(epstopdf)                    size: 5711 bytes.
 <./class_studentas-eps-converted-to.pdf>
<class_studentas-eps-converted-to.pdf, id=5035, 501.875pt x 536.0025pt>
File: class_studentas-eps-converted-to.pdf Graphic file (type pdf)
<use class_studentas-eps-converted-to.pdf>
Package pdftex.def Info: class_studentas-eps-converted-to.pdf  used on input li
ne 15.
(pdftex.def)             Requested size: 53.2766pt x 56.9055pt.
 [96] [97]
LaTeX Font Info:    Font shape `T1/phv/m/it' in size <10> not available
(Font)              Font shape `T1/phv/m/sl' tried instead on input line 118.
LaTeX Font Info:    Font shape `T1/phv/m/sl' will be
(Font)              scaled to size 8.99994pt on input line 118.

[98]
LaTeX Font Info:    Font shape `T1/phv/bc/n' will be
(Font)              scaled to size 8.99994pt on input line 199.

Underfull \hbox (badness 10000) detected at line 199
[][][]
 []

[99]
Underfull \hbox (badness 10000) detected at line 212
[][][]
 []


Underfull \hbox (badness 10000) detected at line 245
[][][]
 []


Underfull \hbox (badness 10000) detected at line 263
[][][]
 []

[100]
Underfull \hbox (badness 10000) detected at line 276
[][][]
 []

[101]
Underfull \hbox (badness 10000) detected at line 354
[][][]
 []

) (structdoctest_1_1detail_1_1_subcase.tex [102] [103])
(structdoctest_1_1_subcase_signature.tex [104])
(structdoctest_1_1detail_1_1_test_case.tex
Package epstopdf Info: Source file: <structdoctest_1_1detail_1_1_test_case.eps>

(epstopdf)                    date: 2026-05-14 22:39:14
(epstopdf)                    size: 3834 bytes
(epstopdf)             Output file: <structdoctest_1_1detail_1_1_test_case-eps-
converted-to.pdf>
(epstopdf)             Command: <miktex-epstopdf --outfile=structdoctest_1_1det
ail_1_1_test_case-eps-converted-to.pdf structdoctest_1_1detail_1_1_test_case.ep
s>
(epstopdf)             \includegraphics on input line 10.
runsystem(miktex-epstopdf --outfile=structdoctest_1_1detail_1_1_test_case-eps-c
onverted-to.pdf structdoctest_1_1detail_1_1_test_case.eps)...executed safely (a
llowed).

Package epstopdf Info: Result file: <structdoctest_1_1detail_1_1_test_case-eps-
converted-to.pdf>
(epstopdf)                    date: 2026-05-14 22:52:01
(epstopdf)                    size: 5507 bytes.
 <./structdoctest_1_1detail_1_1_test_case-eps-converted-to.pdf>
<structdoctest_1_1detail_1_1_test_case-eps-converted-to.pdf, id=5411, 501.875pt
 x 260.975pt>
File: structdoctest_1_1detail_1_1_test_case-eps-converted-to.pdf Graphic file (
type pdf)
<use structdoctest_1_1detail_1_1_test_case-eps-converted-to.pdf>
Package pdftex.def Info: structdoctest_1_1detail_1_1_test_case-eps-converted-to
.pdf  used on input line 10.
(pdftex.def)             Requested size: 109.43262pt x 56.9055pt.

Underfull \hbox (badness 1292) in paragraph at lines 16--18
[][] \T1/phv/m/n/10 ([] test, const char $\OMS/cmsy/m/n/10 ^^C$\T1/phv/m/n/10 f
ile, un-signed line, const [] &test[]_[]suite, const []
 []

[105] [106]) (structdoctest_1_1_test_case_data.tex
Package epstopdf Info: Source file: <structdoctest_1_1_test_case_data.eps>
(epstopdf)                    date: 2026-05-14 22:39:13
(epstopdf)                    size: 3834 bytes
(epstopdf)             Output file: <structdoctest_1_1_test_case_data-eps-conve
rted-to.pdf>
(epstopdf)             Command: <miktex-epstopdf --outfile=structdoctest_1_1_te
st_case_data-eps-converted-to.pdf structdoctest_1_1_test_case_data.eps>
(epstopdf)             \includegraphics on input line 10.
runsystem(miktex-epstopdf --outfile=structdoctest_1_1_test_case_data-eps-conver
ted-to.pdf structdoctest_1_1_test_case_data.eps)...executed safely (allowed).

Package epstopdf Info: Result file: <structdoctest_1_1_test_case_data-eps-conve
rted-to.pdf>
(epstopdf)                    date: 2026-05-14 22:52:01
(epstopdf)                    size: 5506 bytes.
 <./structdoctest_1_1_test_case_data-eps-converted-to.pdf>
<structdoctest_1_1_test_case_data-eps-converted-to.pdf, id=5583, 501.875pt x 26
0.975pt>
File: structdoctest_1_1_test_case_data-eps-converted-to.pdf Graphic file (type 
pdf)
<use structdoctest_1_1_test_case_data-eps-converted-to.pdf>
Package pdftex.def Info: structdoctest_1_1_test_case_data-eps-converted-to.pdf 
 used on input line 10.
(pdftex.def)             Requested size: 109.43262pt x 56.9055pt.
 [107] [108])
(structdoctest_1_1_test_case_exception.tex [109])
(structdoctest_1_1detail_1_1_test_failure_exception.tex)
(structdoctest_1_1_test_run_stats.tex [110])
(structdoctest_1_1detail_1_1_test_suite.tex [111] [112]) (class_timer.tex
[113]
Underfull \hbox (badness 10000) detected at line 54
[][][]
 []

) (structdoctest_1_1detail_1_1types_1_1true__type.tex
Package epstopdf Info: Source file: <structdoctest_1_1detail_1_1types_1_1true__
type.eps>
(epstopdf)                    date: 2026-05-14 22:39:14
(epstopdf)                    size: 6073 bytes
(epstopdf)             Output file: <structdoctest_1_1detail_1_1types_1_1true__
type-eps-converted-to.pdf>
(epstopdf)             Command: <miktex-epstopdf --outfile=structdoctest_1_1det
ail_1_1types_1_1true__type-eps-converted-to.pdf structdoctest_1_1detail_1_1type
s_1_1true__type.eps>
(epstopdf)             \includegraphics on input line 10.
runsystem(miktex-epstopdf --outfile=structdoctest_1_1detail_1_1types_1_1true__t
ype-eps-converted-to.pdf structdoctest_1_1detail_1_1types_1_1true__type.eps)...
executed safely (allowed).

Package epstopdf Info: Result file: <structdoctest_1_1detail_1_1types_1_1true__
type-eps-converted-to.pdf>
(epstopdf)                    date: 2026-05-14 22:52:02
(epstopdf)                    size: 8817 bytes.
 <./structdoctest_1_1detail_1_1types_1_1true__type-eps-converted-to.pdf>
<structdoctest_1_1detail_1_1types_1_1true__type-eps-converted-to.pdf, id=5806, 
501.875pt x 70.2625pt>
File: structdoctest_1_1detail_1_1types_1_1true__type-eps-converted-to.pdf Graph
ic file (type pdf)
<use structdoctest_1_1detail_1_1types_1_1true__type-eps-converted-to.pdf>
Package pdftex.def Info: structdoctest_1_1detail_1_1types_1_1true__type-eps-con
verted-to.pdf  used on input line 10.
(pdftex.def)             Requested size: 397.93958pt x 55.71158pt.
) (classstd_1_1tuple.tex [114])
(structdoctest_1_1detail_1_1types_1_1underlying__type.tex) (class_zmogus.tex
Package epstopdf Info: Source file: <class_zmogus.eps>
(epstopdf)                    date: 2026-05-14 22:39:13
(epstopdf)                    size: 3772 bytes
(epstopdf)             Output file: <class_zmogus-eps-converted-to.pdf>
(epstopdf)                    date: 2026-05-14 22:34:56
(epstopdf)                    size: 5428 bytes
(epstopdf)             Command: <miktex-epstopdf --outfile=class_zmogus-eps-con
verted-to.pdf class_zmogus.eps>
(epstopdf)             \includegraphics on input line 15.
runsystem(miktex-epstopdf --outfile=class_zmogus-eps-converted-to.pdf class_zmo
gus.eps)...executed safely (allowed).

Package epstopdf Info: Result file: <class_zmogus-eps-converted-to.pdf>
(epstopdf)                    date: 2026-05-14 22:52:03
(epstopdf)                    size: 5710 bytes.
 <./class_zmogus-eps-converted-to.pdf>
<class_zmogus-eps-converted-to.pdf, id=5843, 501.875pt x 536.0025pt>
File: class_zmogus-eps-converted-to.pdf Graphic file (type pdf)
<use class_zmogus-eps-converted-to.pdf>
Package pdftex.def Info: class_zmogus-eps-converted-to.pdf  used on input line 
15.
(pdftex.def)             Requested size: 53.2766pt x 56.9055pt.
 [115] [116]
Underfull \hbox (badness 10000) detected at line 106
[][][]
 []

[117]
Underfull \hbox (badness 10000) detected at line 159
[][][]
 []

) [118]
Chapter 9.
(student_8h.tex
Underfull \hbox (badness 10000) in paragraph at lines 8--12

 []

[119

]
Underfull \hbox (badness 10000) detected at line 51
[][][]
 []


Underfull \hbox (badness 10000) detected at line 71
[][][]
 []

) (student_8h_source.tex [120]) (student__io__deque_8h.tex
Underfull \hbox (badness 10000) in paragraph at lines 8--11

 []

[121]
LaTeX Font Info:    Font shape `T1/phv/m/it' in size <7> not available
(Font)              Font shape `T1/phv/m/sl' tried instead on input line 33.
LaTeX Font Info:    Font shape `T1/phv/m/sl' will be
(Font)              scaled to size 6.29996pt on input line 33.
 [122]
Underfull \hbox (badness 10000) detected at line 88
[][][]
 []

[123] [124]
Underfull \hbox (badness 10000) detected at line 248
[][][]
 []

[125]) (student__io__deque_8h_source.tex [126]) (student__io__list_8h.tex
Underfull \hbox (badness 10000) in paragraph at lines 3--6

 []

[127]
Underfull \hbox (badness 10000) detected at line 76
[][][]
 []

[128] [129]) (student__io__list_8h_source.tex) (student__io__vector_8h.tex
Underfull \hbox (badness 10000) in paragraph at lines 3--6

 []

[130] [131]
Underfull \hbox (badness 10000) detected at line 76
[][][]
 []

[132] [133]) (student__io__vector_8h_source.tex) (timer_8h.tex
Underfull \hbox (badness 10000) in paragraph at lines 8--9

 []

) (timer_8h_source.tex [134]) (utils_8h.tex
Underfull \hbox (badness 10000) in paragraph at lines 8--10

 []

[135]) (utils_8h_source.tex [136]) (zmogus_8h.tex
Underfull \hbox (badness 10000) in paragraph at lines 8--9

 []

) (zmogus_8h_source.tex [137]) (io__deque_8cpp.tex
Underfull \hbox (badness 10000) in paragraph at lines 3--17

 []

[138] [139]
Underfull \hbox (badness 10000) detected at line 89
[][][]
 []

[140] [141]
Underfull \hbox (badness 10000) detected at line 249
[][][]
 []

[142]) (io__list_8cpp.tex
Underfull \hbox (badness 10000) in paragraph at lines 3--16

 []

[143] [144]
Underfull \hbox (badness 10000) detected at line 86
[][][]
 []

[145] [146]) (io__vector_8cpp.tex
Underfull \hbox (badness 10000) in paragraph at lines 3--16

 []

[147]
Underfull \hbox (badness 10000) detected at line 86
[][][]
 []

[148] [149]) (main__deque_8cpp.tex
Underfull \hbox (badness 10000) in paragraph at lines 3--5

 []

) (main__list_8cpp.tex
Underfull \hbox (badness 10000) in paragraph at lines 3--5

 []

) (main__vector_8cpp.tex [150]
Underfull \hbox (badness 10000) in paragraph at lines 3--5

 []

) (student_8cpp.tex
Underfull \hbox (badness 10000) in paragraph at lines 3--7

 []

[151]
Underfull \hbox (badness 10000) detected at line 36
[][][]
 []


Underfull \hbox (badness 10000) detected at line 56
[][][]
 []

) (utils_8cpp.tex
Underfull \hbox (badness 10000) in paragraph at lines 3--7

 []

[152]
Underfull \hbox (badness 1902) in paragraph at lines 19--20
[]\T1/phv/m/n/10 const vector$\OML/cmm/m/it/10 <$ \T1/phv/m/n/10 string $\OML/c
mm/m/it/10 >$ [] \T1/phv/m/n/10 = {"Ka-zlauskas", "Jankauskas", "Pe-trauskas", 
"Stanke-vi-cius",
 []

[153]
Overfull \hbox (33.1786pt too wide) in paragraph at lines 69--70
\T1/pcr/m/n/8 const vector$\OML/cmm/m/it/8 <$\T1/pcr/m/n/8 string$\OML/cmm/m/it
/8 >$ \T1/pcr/m/n/8 mot[]_[]pavardes = {"Kazlauskiene", "Jankauskiene", "Petrau
skiene", "Stankeviciene",
 []


Underfull \hbox (badness 10000) in paragraph at lines 95--96
\T1/pcr/m/n/8 const vector$\OML/cmm/m/it/8 <$\T1/pcr/m/n/8 string$\OML/cmm/m/it
/8 >$ \T1/pcr/m/n/8 vyr[]_[]pavardes = {"Kazlauskas", "Jankauskas", "Petrauskas
", "Stankevicius",
 []

) (doctest_8h.tex
Underfull \hbox (badness 10000) in paragraph at lines 3--4

 []

[154]
Underfull \hbox (badness 3635) in paragraph at lines 55--57
[]\T1/phv/m/n/10 struct [][]doctest::[]detail::[]has[]_[]insertion[]_[]operator
$\OML/cmm/m/it/10 <$ \T1/phv/m/n/10 T, decltype(operator$\OML/cmm/m/it/10 <$$<$
\T1/phv/m/n/10 (declval$\OML/cmm/m/it/10 <$ \T1/phv/m/n/10 std::[]ostream & $\O
ML/cmm/m/it/10 >$\T1/phv/m/n/10 (),
 []


Underfull \hbox (badness 4595) in paragraph at lines 61--63
[]\T1/phv/m/n/10 struct [][]doctest::[]detail::[]is[]_[]pair$\OML/cmm/m/it/10 <
$ \T1/phv/m/n/10 T, types::[]void[]_[]t$\OML/cmm/m/it/10 <$ \T1/phv/m/n/10 type
-name T::[]first[]_[]type, type-name T::[]second[]_[]type,
 []


Underfull \hbox (badness 2941) in paragraph at lines 65--67
[]\T1/phv/m/n/10 struct [][]doctest::[]detail::[]is[]_[]container$\OML/cmm/m/it
/10 <$ \T1/phv/m/n/10 T, types::[]void[]_[]t$\OML/cmm/m/it/10 <$ \T1/phv/m/n/10
 type-name T::[]value[]_[]type, type-name T::[]iterator,
 []

[155] [156]
Overfull \hbox (37.76605pt too wide) in paragraph at lines 235--237
[][]\T1/phv/m/n/10 #define [] [] 
 []


Overfull \hbox (41.96904pt too wide) in paragraph at lines 239--241
[][]\T1/phv/m/n/10 #define [] [] 
 []


Overfull \hbox (140.14862pt too wide) in paragraph at lines 243--245
[][]\T1/phv/m/n/10 #define [] [] 
 []

[157] [158] [159] [160] [161] [162] [163]
Underfull \hbox (badness 841) in paragraph at lines 1007--1086
[] \T1/phv/m/n/10 = 2 $\OMS/cmsy/m/n/10 ^^C$ \T1/phv/m/n/10 is[]_[]normal , [] 
= 2 $\OMS/cmsy/m/n/10 ^^C$ \T1/phv/m/n/10 is[]_[]throws ,
 []


Overfull \hbox (36.50981pt too wide) in paragraph at lines 1007--1086
[] \T1/phv/m/n/10 = 2 $\OMS/cmsy/m/n/10 ^^C$ \T1/phv/m/n/10 is[]_[]nothrow , []
 = 2 $\OMS/cmsy/m/n/10 ^^C$ \T1/phv/m/n/10 is[]_[]false , []
 []


Overfull \hbox (40.3892pt too wide) in paragraph at lines 1007--1086
[] \T1/phv/m/n/10 = is[]_[]normal $\OMS/cmsy/m/n/10 j$ \T1/phv/m/n/10 is[]_[]fa
lse $\OMS/cmsy/m/n/10 j$ \T1/phv/m/n/10 is[]_[]check , []
 []


Overfull \hbox (42.93939pt too wide) in paragraph at lines 1007--1086
[] \T1/phv/m/n/10 = is[]_[]throws $\OMS/cmsy/m/n/10 j$ \T1/phv/m/n/10 is[]_[]re
quire , []
 []


Overfull \hbox (85.10394pt too wide) in paragraph at lines 1007--1086
[] \T1/phv/m/n/10 = is[]_[]throws[]_[]with $\OMS/cmsy/m/n/10 j$ \T1/phv/m/n/10 
is[]_[]warn , []
 []


Underfull \hbox (badness 2980) in paragraph at lines 1007--1086
[] \T1/phv/m/n/10 = is[]_[]throws[]_[]with $\OMS/cmsy/m/n/10 j$ \T1/phv/m/n/10 
is[]_[]throws[]_[]as $\OMS/cmsy/m/n/10 j$ \T1/phv/m/n/10 is[]_[]check ,
 []


Overfull \hbox (27.88306pt too wide) in paragraph at lines 1007--1086
[] \T1/phv/m/n/10 = is[]_[]nothrow $\OMS/cmsy/m/n/10 j$ \T1/phv/m/n/10 is[]_[]w
arn , []
 []


Underfull \hbox (badness 828) in paragraph at lines 1007--1086
\T1/phv/m/n/10 = is[]_[]normal $\OMS/cmsy/m/n/10 j$ \T1/phv/m/n/10 is[]_[]gt $\
OMS/cmsy/m/n/10 j$ \T1/phv/m/n/10 is[]_[]require , [] = is[]_[]normal $\OMS/cms
y/m/n/10 j$ \T1/phv/m/n/10 is[]_[]lt $\OMS/cmsy/m/n/10 j$ \T1/phv/m/n/10 is[]_[
]warn ,
 []


Overfull \hbox (50.946pt too wide) in paragraph at lines 1007--1086
[] \T1/phv/m/n/10 = is[]_[]normal $\OMS/cmsy/m/n/10 j$ \T1/phv/m/n/10 is[]_[]un
ary $\OMS/cmsy/m/n/10 j$ \T1/phv/m/n/10 is[]_[]check , []
 []

[164]
Overfull \hbox (118.69359pt too wide) in paragraph at lines 1086--1096
[] \T1/phv/m/n/10 = 0 , [] , []
 []


Underfull \hbox (badness 6575) in paragraph at lines 1115--1130
[] \T1/phv/m/n/10 = 0 , [] = 1 ,
 []


Overfull \hbox (90.12994pt too wide) in paragraph at lines 1115--1130
\T1/phv/m/n/10 16 , [] = 32 , []
 []


Overfull \hbox (73.43394pt too wide) in paragraph at lines 1115--1130
[] \T1/phv/m/n/10 = 128 , []
 []


Underfull \hbox (badness 931) in paragraph at lines 1140--1142
[] \T1/phv/m/n/10 T && [] (type-name []$\OML/cmm/m/it/10 <$ \T1/phv/m/n/10 T
 []


Underfull \hbox (badness 931) in paragraph at lines 1142--1144
[] \T1/phv/m/n/10 T && [] (type-name []$\OML/cmm/m/it/10 <$ \T1/phv/m/n/10 T
 []

[165]
Underfull \hbox (badness 812) in paragraph at lines 1208--1210
[] [] \T1/phv/m/n/10 (const [](L) lhs, const char $\OMS/cmsy/m/n/10 ^^C$\T1/phv
/m/n/10 op, const
 []


Underfull \hbox (badness 1496) in paragraph at lines 1238--1240
[][] [] \T1/phv/m/n/10 & [] ()
 []


Underfull \hbox (badness 1194) in paragraph at lines 1260--1262
[][] \T1/phv/m/n/10 void [] (const []
 []

[166]
Overfull \hbox (23.01402pt too wide) in paragraph at lines 1280--1282
[][] \T1/phv/m/n/10 void [] (const char $\OMS/cmsy/m/n/10 ^^C$\T1/phv/m/n/10 na
me, int prio, []
 []

[167] [168] [169] [170] [171] [172] [173] [174] [175] [176] [177] [178]
[179] [180] [181] [182] [183] [184] [185] [186] [187] [188] [189] [190]
[191] [192]
Overfull \hbox (15.15619pt too wide) in paragraph at lines 2829--2830
[]\T1/pcr/m/n/8 #define DOCTEST[]_[][]MAKE[]_[][]STD[]_[][]HEADERS[]_[][]CLEAN[
]_[][]FROM[]_[][]WARNINGS[]_[][]ON[]_[][]WALL[]_[][]END [] 
 []

[193] [194] [195] [196] [197] [198] [199] [200] [201] [202] [203] [204]
[205]
Overfull \hbox (31.85277pt too wide) in paragraph at lines 3649--3649
                                                                               
                                    $\OMS/cmsy/m/n/7 n$  
 []


Overfull \hbox (31.85277pt too wide) in paragraph at lines 3652--3652
                                                                               
                                    $\OMS/cmsy/m/n/7 n$  
 []


Overfull \hbox (31.85277pt too wide) in paragraph at lines 3656--3656
                                                                               
                                    $\OMS/cmsy/m/n/7 n$  
 []

[206] [207] [208] [209] [210] [211] [212]
Overfull \hbox (66.85634pt too wide) in paragraph at lines 4000--4001
[]\T1/pcr/m/n/8 #define DOCTEST[]_[][]VERSION ([] $\OMS/cmsy/m/n/8 ^^C$ \T1/pcr
/m/n/8 10000 + [] $\OMS/cmsy/m/n/8 ^^C$ \T1/pcr/m/n/8 100 + []) 
 []

[213] [214] [215] [216] [217] [218] [219] [220] [221] [222] [223] [224]
[225] [226] [227] [228] [229] [230] [231] [232] [233]) (doctest_8h_source.tex
[234] [235] [236] [237] [238] [239]
Overfull \hbox (132.75546pt too wide) in paragraph at lines 331--331
\T1/pcr/m/n/7 https://github.com/swiftlang/swift-corelibs-foundation/blob/relea
se/5.10/CoreFoundation/Base.subproj/SwiftRuntime/TargetConditionals.h[]  
 []

[240] [241] [242] [243] [244] [245] [246] [247] [248] [249] [250] [251]
[252] [253] [254] [255] [256] [257] [258] [259] [260] [261] [262] [263]
[264] [265] [266] [267] [268] [269] [270] [271] [272] [273] [274] [275]
[276] [277] [278] [279] [280] [281] [282] [283] [284] [285] [286] [287]
[288] [289] [290] [291] [292] [293] [294] [295] [296] [297] [298] [299]
[300] [301] [302] [303] [304] [305] [306] [307] [308] [309] [310] [311]
[312] [313] [314] [315] [316] [317] [318] [319] [320] [321] [322] [323]
[324] [325] [326] [327] [328] [329] [330] [331] [332] [333] [334] [335]
[336] [337] [338] [339] [340] [341] [342] [343] [344] [345] [346] [347])
(test__studentas_8cpp.tex
Underfull \hbox (badness 10000) in paragraph at lines 3--6

 []

[348] [349]) [350]
No file refman.ind.
(refman.aux)
 ***********
LaTeX2e <2025-11-01>
L3 programming layer <2025-12-24>
 ***********


LaTeX Warning: There were undefined references.


LaTeX Warning: Label(s) may have changed. Rerun to get cross-references right.


Package rerunfilecheck Warning: File `refman.out' has changed.
(rerunfilecheck)                Rerun to get outlines right
(rerunfilecheck)                or use package `bookmark'.

Package rerunfilecheck Info: Checksums for `refman.out':
(rerunfilecheck)             Before: <no file>
(rerunfilecheck)             After:  32D2354DF2D304B5E486A1169DB94B04;283275.
 ) 
Here is how much of TeX's memory you used:
 28322 strings out of 467871
 694988 string characters out of 5418376
 1300247 words of memory out of 5000000
 53513 multiletter control sequences out of 15000+600000
 687265 words of font info for 124 fonts, out of 8000000 for 9000
 1141 hyphenation exceptions out of 8191
 103i,16n,124p,1775b,4125s stack positions out of 10000i,1000n,20000p,200000b,200000s
<C:/Users/Jakub/AppData/Local/Programs/MiKTeX/fonts/type1/public/amsfonts/cm/
cmmi10.pfb><C:/Users/Jakub/AppData/Local/Programs/MiKTeX/fonts/type1/public/ams
fonts/cm/cmmi12.pfb><C:/Users/Jakub/AppData/Local/Programs/MiKTeX/fonts/type1/p
ublic/amsfonts/cm/cmmi7.pfb><C:/Users/Jakub/AppData/Local/Programs/MiKTeX/fonts
/type1/public/amsfonts/cm/cmmi8.pfb><C:/Users/Jakub/AppData/Local/Programs/MiKT
eX/fonts/type1/public/amsfonts/cm/cmsy10.pfb><C:/Users/Jakub/AppData/Local/Prog
rams/MiKTeX/fonts/type1/public/amsfonts/cm/cmsy7.pfb><C:/Users/Jakub/AppData/Lo
cal/Programs/MiKTeX/fonts/type1/public/amsfonts/cm/cmsy8.pfb><C:/Users/Jakub/Ap
pData/Local/Programs/MiKTeX/fonts/type1/urw/courier/ucrb8a.pfb><C:/Users/Jakub/
AppData/Local/Programs/MiKTeX/fonts/type1/urw/courier/ucrr8a.pfb><C:/Users/Jaku
b/AppData/Local/Programs/MiKTeX/fonts/type1/urw/courier/ucrro8a.pfb><C:/Users/J
akub/AppData/Local/Programs/MiKTeX/fonts/type1/urw/helvetic/uhvb8a.pfb><C:/User
s/Jakub/AppData/Local/Programs/MiKTeX/fonts/type1/urw/helvetic/uhvb8ac.pfb><C:/
Users/Jakub/AppData/Local/Programs/MiKTeX/fonts/type1/urw/helvetic/uhvr8a.pfb><
C:/Users/Jakub/AppData/Local/Programs/MiKTeX/fonts/type1/urw/helvetic/uhvro8a.p
fb>
Output written on refman.pdf (352 pages, 2756710 bytes).
PDF statistics:
 16584 PDF objects out of 18468 (max. 8388607)
 3108 named destinations out of 3580 (max. 500000)
 166 words of extra memory for PDF output out of 10000 (max. 10000000)

